岗位名称,薪资待遇,岗位详情,岗位地区,公司福利,公司名称,公司规模,岗位需要技能
JAVA软件开发工程师,10-15K·14薪,1-3年，本科,南京·鼓楼区·汉中门,加班补助，交通补助，五险一金，零食下午茶，节日福利，定期体检，带薪年假，年终奖,南大智能,计算机软件，未融资，100-499人,Oracle，Linux，SQL，数据结构，Spring，后端开发
软件开发工程师,15-30K,经验不限，本科,西安·雁塔区·高新软件园,年终奖，节日福利，带薪年假，股票期权，加班补助，零食下午茶，离职补偿，免费班车，餐补，补充医疗保险，交通补助，全勤奖，五险一金，定期体检，通讯补贴，员工旅游，住房补贴,华为技术有限公司,计算机软件，不需要融资，10000人以上,Java，架构师，后端工程师，Python
软件开发工程师,15-20K,3-5年，大专,上海·松江区·小昆山,零食下午茶，五险一金，员工旅游,信友科技,计算机软件，未融资，0-20人,CSS，Spring，MySQL，Android，Framework，SQL
软件开发工程师,15-16K,1-3年，本科,金华·金东区·东关,五险一金，加班补助，全勤奖，年终奖,云非特,旅游，不需要融资，100-499人,分布式技术，服务器配置，微服务架构，数据结构
互联网软件开发工程师/java程序员,9-10K·13薪,3-5年，学历不限,成都·武侯区·金融城,全勤奖，带薪年假，员工旅游，年终奖，补充医疗保险，零食下午茶,驰创数码,计算机软件，未融资，0-20人,Java，Javascript，后端开发
软件开发工程师,5-10K,1-3年，大专,重庆·渝北区·龙溪,,华俊安科技,计算机服务，未融资，0-20人,Java，Javascript，Linux
软件开发工程师-OD,13-26K·14薪,经验不限，本科,成都·郫都区·高新西,夜班补助，保底工资，年终奖，法定节假日三薪，免费班车，补充医疗保险，意外险，节假日加班费，定期体检，加班补助，五险一金，绩效奖金，带薪年假，员工旅游，团建聚餐，零食下午茶，交通补助,华为云计算,计算机服务，不需要融资，10000人以上,Java，C/C++，Python，计算机/软件工程相关经验
高级软件开发工程师（Java）,18-25K·13薪,经验不限，本科,深圳·南山区·科技园,定期体检，带薪年假，通讯补贴，零食下午茶，五险一金，员工旅游，年终奖，节日福利，股票期权,天海宸光,计算机软件，天使轮，20-99人,分布式技术，消息队列，全栈开发，架构师，计算机软件
软件开发工程师,5-10K,1年以内，本科,永州,,湖南壕鑫纺织有限公司,服装/纺织/皮革，500-999人,Java
软件开发工程师,15-30K·15薪,经验不限，本科,深圳·龙岗区·坂田,企业年金，意外险，团建聚餐，补充医疗保险，法定节假日三薪，零食下午茶，免费班车，定期体检，底薪加提成，工龄奖，员工旅游，年终奖，加班补助，五险一金，保底工资，节假日加班费，生日福利,华为云计算,互联网，不需要融资，10000人以上,Python，MySQL，C/C++
软件开发工程师,15-30K·14薪,经验不限，本科,广州·白云区·罗冲围,补充医疗保险，节日福利，年终奖，五险一金，餐补，定期体检，加班补助，员工旅游，股票期权，零食下午茶,华为,计算机软件，不需要融资，10000人以上,Java，C/C++，Python
高级软件开发工程师,8-13K,1-3年，本科,常州,包吃，节日福利，免费工装，意外险，免费停车，包住，绩效奖金，工龄津贴，带薪年假，餐补，工龄奖，五险一金,常州德龙,机械设备/机电/重工，未融资，100-499人,不限，Java，计算机/软件工程相关经验，Java开发经验
高级软件开发工程师,8-12K·14薪,1-3年，本科,南京·江宁区·将军大道,定期体检，员工旅游，带薪年假，法定节假日三薪，五险一金，团建聚餐，年终奖,知某数信息科技,计算机软件，20-99人,Java，Spring，JavaScript，Java开发经验
5G核心网软件开发工程师,30-60K,经验不限，本科,北京·海淀区·西北旺,餐补，定期体检，节日福利，五险一金，补充医疗保险，零食下午茶，年终奖，股票期权，员工旅游，加班补助,华为,计算机软件，不需要融资，10000人以上,Python，架构师，PHP，后端开发，c/c++，Java，go
软件开发(后端),6-11K,经验不限，大专,广州,,郑州凯普,医疗/护理/卫生，1000-9999人,架构师，SSM，SSH
软件开发-JAVA开发,9-14K·13薪,3-5年，大专,嘉兴·海盐县·武原,,山东华清,计算机服务，100-499人,Java，JavaScript，分布式技术，微服务架构
Java高级应用软件开发,15-25K,3-5年，本科,杭州·滨江区·西兴,高温补贴，股票期权，定期体检，年终奖，免费班车，团建聚餐，交通补助，五险一金，餐补，补充医疗保险，免息住房借款，通讯补贴，生日福利，带薪年假,海康威视,计算机软件，已上市，10000人以上,Java，中间件，系统架构
软件工程师,3-5K,在校/应届，大专,襄阳·樊城区·万达,带薪年假，定期体检，补充医疗保险，员工旅游，年终奖，全勤奖，节日福利,湖北玖誉,地产经纪/中介，未融资，100-499人,Java，.NET，移动开发
软件工程师,8-12K,1-3年，本科,昆明·盘龙区·联盟,五险一金，绩效奖金，带薪年假，补充医疗保险，年终奖，节日福利，包吃，定期体检,中铝智能铜创科技...,计算机服务，未融资，20-99人,Java
软件工程师,5-8K,3-5年，本科,桂林·灵川县·灵川县中心城区,带薪年假，工龄奖，交通补助，通讯补贴，年终奖，定期体检，意外险，五险一金,凯歌科技,计算机软件，不需要融资，20-99人,Unix，Java，全栈工程师，全栈开发，服务器配置，架构师
软件工程师,8-10K,1-3年，本科,长沙,,泰嘉股份,机械设备/机电/重工，已上市，100-499人,HTML，PHP，CSS，MySQL，后端开发，WEB开发
c#软件开发工程师/.net软件工程师,11-22K,经验不限，本科,上海·闵行区·浦江,五险一金，加班补助，带薪年假，节日福利，零食下午茶,华规软件软件开发,计算机软件，不需要融资，20-99人,C#，ASP.NET，MySQL
Sr. Software Engineer Radar软件工程师,11-20K,3-5年，本科,南京·江宁区·开发区,,海拉南京研发中心,汽车零部件，500-999人,C语言
软件开发工程师|程序开发|前端|架构师,10-15K,3-5年，本科,洛阳·洛龙区·泉舜广场,底薪加提成，绩效奖金，年终奖，带薪年假，保底工资，团建聚餐,今捷众创,培训机构，未融资，20-99人,Vue
广告方向 - java资深开发工程师/架构师,40-50K·15薪,5-10年，本科,上海·浦东新区·张江,节日福利，定期体检，年终奖，零食下午茶，员工旅游，免费班车，带薪年假，餐补，五险一金,喜马拉雅,移动互联网，D轮及以上，1000-9999人,分布式技术，微服务架构，NoSQL，MongoDB，架构师
软件开发工程师,15-30K,经验不限，本科,南昌·红谷滩区·前湖大学城,加班补助，补充医疗保险，节日福利，零食下午茶，五险一金，定期体检，股票期权，餐补，员工旅游，年终奖,华为,计算机软件，不需要融资，10000人以上,c，c++，软件工程师，初级软件工程师，中级软件工程师
app软件开发工程师,16-18K,1-3年，大专,北京·通州区·马驹桥,,铭嘉科技,其他专业服务，0-20人,Android客户端产品研发，架构设计/优化，Java，Kotlin
应用软件开发工程师,5-10K,5-10年，大专,台州·椒江区·西商务区,,芯韵科技,电子/半导体/集成电路，0-20人,后端开发，软件工程师，MFC，WPF，VC++，MySQL
web/Java软件开发工程师,8-13K,1-3年，本科,北京·海淀区·中关村,生日福利，年终奖，五险一金，员工旅游，定期体检，带薪年假，节日福利,中科信利,计算机软件，不需要融资，100-499人,前端开发
软件开发工程师,12-19K·15薪,经验不限，本科,上海·嘉定区·嘉定镇,节日福利，五险一金，员工旅游，免费班车，年终奖，定期体检，带薪年假，股票期权，餐补，补充医疗保险，公租房,上海联影,医疗设备/器械，B轮，1000-9999人,Java，JavaScript，HTML，CSS，软件工程师
软件开发工程师,25-50K,经验不限，本科,北京·海淀区·西北旺,员工旅游，节日福利，五险一金，补充医疗保险，加班补助，定期体检，餐补，股票期权，零食下午茶，年终奖,华为,计算机软件，不需要融资，10000人以上,C，Go，C++，Linux，软件工程师，计算机软件，后端开发
控制软件开发工程师,8-12K·13薪,3-5年，本科,深圳·龙华区·龙华,加班补助，员工旅游，节日福利，定期体检，五险一金，年终奖，带薪年假，股票期权,富泰华工业,互联网，已上市，10000人以上,充电桩，KEIL，IAR
DSP软件开发工程师,100-150元/天,4天/周，硕士,杭州,员工旅游，餐补，带薪年假，年终奖，五险一金，通讯补贴，定期体检，加班补助，节日福利，补充医疗保险，交通补助，零食下午茶,诺基亚浙江分公司,通信/网络设备，已上市，10000人以上,5G，C++
软件开发工程师,18-35K·16薪,经验不限，本科,上海·浦东新区·金桥,定期体检，五险一金，补充医疗保险，零食下午茶，加班补助，股票期权，餐补，年终奖，节日福利，员工旅游,华为,计算机软件，不需要融资，10000人以上,Java，C/C++，后端开发经验
软件开发工程师,5-10K,3-5年，本科,滁州·琅琊区·扬子小区,免费班车，餐补，员工旅游，五险一金，定期体检，带薪年假，节日福利，全勤奖,扬子空调,家具/家电/家居，未融资，1000-9999人,单片机开发，电路设计，ARM开发，驱动开发
软件开发工程师,10-15K,3-5年，大专,大连·甘井子区·泉水,通讯补贴，带薪年假，员工旅游，股票期权，定期体检，五险一金，补充医疗保险，加班补助，餐补,恒河智谷,电力/热力/燃气/水利，未融资，20-99人,Python，Java，Oracle，数据结构，ThinkPHP，软件工程师
软件开发工程师,10-15K,1-3年，大专,苏州·吴中区·甪直,,苏州天脉,仪器仪表/工业自动化，1000-9999人,系统开发
软件开发工程师,15-30K,经验不限，本科,南京·雨花台区·南京南站,定期体检，零食下午茶，餐补，补充医疗保险，加班补助，五险一金，股票期权，员工旅游，年终奖，节日福利,华为,计算机软件，不需要融资，10000人以上,数据开发，数据仓库，Java，Python
软件开发工程师,12-22K·13薪,1-3年，本科,常州·武进区·西太湖,五险一金，交通补助，团建聚餐，带薪年假，年终奖，餐补，通讯补贴,常州仁迈生物,医疗设备/器械，0-20人,C#，MySQL，C#开发经验，计算机相关专业，.NET开发经验
软件开发工程师,13-20K·13薪,3-5年，本科,青岛,零食下午茶，带薪年假，五险一金，交通补助，餐补，节日福利，股票期权，定期体检,海信视像科技,电子/半导体/集成电路，已上市,Java，C++，Android，Framework，架构师
高级软件开发测试工程师,16-22K·13薪,5-10年，本科,深圳·福田区·福田保税区,团建聚餐，定期体检，节日福利，意外险，免费班车，五险一金，年终奖，员工旅游，带薪年假，补充医疗保险，法定节假日三薪,奥兰若科技,电子/半导体/集成电路，已上市,C#，上位机，开发，测试，自动化
C#软件开发工程师,7-10K·13薪,1-3年，本科,成都·武侯区·火车南站,年终奖，五险一金，有无线网,北京华亿,计算机服务，不需要融资，20-99人,C#，C#开发经验，.NET，Winform，Windows，WPF
高级软件开发工程师,15-30K,1-3年，本科,上海·浦东新区·张江,定期体检，五险一金,上海可耐德智能科技,智能硬件，0-20人,C++，计算机相关专业，Linux开发/部署经验
高级软件开发工程师,15-18K·15薪,1-3年，本科,杭州·滨江区·长河,交通补助，节日福利，零食下午茶，定期体检，年终奖，股票期权，五险一金，带薪年假，补充医疗保险，通讯补贴，员工旅游，餐补,海康威视,智能硬件，已上市，10000人以上,C++，C语言，计算机相关专业，嵌入式软件
Android软件开发工程师,6-11K,经验不限，大专,上海·青浦区·徐泾,年终奖，五险一金，包吃,凯士电子,仪器仪表/工业自动化，未融资，100-499人,Android客户端产品研发，研发流程优化，Java
Linux C 软件开发工程师,15-30K,1-3年，本科,北京·海淀区·上地,生日福利，免费工装，员工旅游，团建聚餐，定期体检，五险一金，带薪年假，高温补贴，年终奖，有无线网，绩效奖金，股票期权,华来科技,智能硬件，D轮及以上，100-499人,Linux，ipc，系统集成技术，C语言，嵌入式软件开发
ios软件开发工程师,15-22K,5-10年，本科,南京,股票期权，通讯补贴，零食下午茶，补充医疗保险，定期体检，交通补助，年终奖，节日福利，带薪年假，免费班车，五险一金，餐补,苏宁IT,互联网，已上市，10000人以上,IOS，移动端
高级软件开发工程师（后端）,20-21K,10年以上，学历不限,昆明·官渡区·世纪城,五险一金,空间云,计算机软件，不需要融资，20-99人,Python，SQL，微服务架构，网络编程，数据结构，NoSQL
C#软件开发工程师,8-13K,1-3年，大专,深圳·龙华区·龙华,全勤奖，员工旅游，节日福利，五险一金，加班补助,SFM,电子/半导体/集成电路，未融资，100-499人,JavaScript，.NET，多线程，MVC开发，网络编程，Winform
软件开发工程师,15-20K,1-3年，大专,深圳·龙华区·龙华,年终奖，住房补贴，包吃，带薪年假，五险一金，交通补助,深圳精纬视,仪器仪表/工业自动化，未融资，20-99人,WPF，opencvshar，prism
软件开发工程师,20-30K·13薪,5-10年，本科,深圳·南山区·蛇口,股票期权，零食下午茶，五险一金，年终奖,深圳纳百信息技术,智能硬件，A轮，20-99人,Linux，windows，GitHub开源项目，机器人联合控制
QT高级软件开发工程师,25-40K·13薪,3-5年，本科,无锡·新吴区·梅村古镇,节日福利，全勤奖，通讯补贴，员工旅游，补充医疗保险，带薪年假，加班补助，包吃，五险一金，年终奖,恩梯科技,仪器仪表/工业自动化，未融资，100-499人,QT
软件开发工程师,10-15K,3-5年，本科,青岛·崂山区·崂山风景区,五险一金，补充医疗保险，交通补助，带薪年假，年终奖，加班补助，餐补，免费班车，定期体检，住房补贴，节日福利,海信网络科技,计算机软件，不需要融资，1000-9999人,Web前端，.NET，C#
软件开发工程师,20-30K,5-10年，本科,上海·徐汇区·徐家汇,,visteon,汽车零部件，100-499人,BSP开发，Android，C++，嵌入式技术，计算机软件，汽车
C++软件开发工程师（QT）,20-40K,5-10年，本科,苏州·苏州工业园区·李公堤,加班补助，补充医疗保险，带薪年假，年终奖，员工旅游，节日福利，零食下午茶，五险一金，餐补，定期体检,珂晶达,电子/半导体/集成电路，A轮，100-499人,C++，QT
软件开发工程师,11-20K·16薪,3-5年，本科,长沙·岳麓区·麓谷,年终奖，包吃，免费班车，股票期权，带薪年假，五险一金，定期体检，通讯补贴,中联重科,机械设备/机电/重工，已上市，10000人以上,C++，C语言，计算机相关专业，C++服务端开发经验，PLC
软件开发工程师,15-20K,1-3年，本科,上海·徐汇区·漕河泾,股票期权，年终奖，定期体检，五险一金,春景科技,计算机软件，未融资，0-20人,C/C++，Linux
PON 软件开发工程师,12-20K,1-3年，本科,深圳·龙华区·龙华,,深圳市智路由科技,通信/网络设备，100-499人,C语言，GPON，Linux开发，计算机专业
视频应用软件开发工程师,250-330元/天,4天/周，硕士,上海·杨浦区·东外滩,五险一金，餐补，包吃，年终奖，节日福利，股票期权，零食下午茶，补充医疗保险，带薪年假，定期体检，员工旅游,慧国(上海)软件...,计算机软件，已上市，1000-9999人,.NET，多线程，Socket技术，数据结构，Winform，WPF
Qt应用软件开发工程师,10-15K,1-3年，本科,广州·黄埔区·东圃,员工旅游，补充医疗保险，包吃，年终奖，免费班车，交通补助，通讯补贴，股票期权，餐补，五险一金，零食下午茶，定期体检，节日福利，住房补贴，带薪年假,广州视臻,智能硬件，未融资，500-999人,C/C++，Qt
高级C++软件开发工程师,25-50K·15薪,3-5年，本科,深圳·宝安区·固戍,海外工作，零食下午茶，年终奖，饭补，带薪年假，学习进修，股票期权，餐补，节日福利，健身房，定期体检，五险一金,海柔创新科技有限公司,计算机软件，D轮及以上，1000-9999人,数据结构，机器人，高级软件工程师，后端开发
C#软件开发工程师,10-11K,3-5年，本科,泉州,五险一金，年终奖，节日福利，环境很不错,财智信息科技,信息安全，不需要融资，0-20人,.NET，C/C++，Python
应用软件开发工程师,15-30K·15薪,5-10年，本科,广州,五险一金，带薪年假，零食下午茶，年终奖，节日福利，幸福计划，餐补，员工旅游，定期体检，加班补助,碧桂园,房地产开发，不需要融资，100-499人,C++，Linux，Android，视觉图像算法
媒体软件开发专家/工程师,28-55K·13薪,5-10年，本科,上海·浦东新区·张江,节日福利，定期体检，股票期权，零食下午茶，年终奖，带薪年假，补充医疗保险，五险一金，通讯补贴,寒武纪行歌,电子/半导体/集成电路，A轮，100-499人,嵌入式技术，Linux，ARM开发，音视频编解码，流媒体技术
高级软件开发工程师,15-20K,1-3年，大专,东莞,带薪年假，员工旅游，股票期权，节日福利，五险一金，全勤奖，包吃，年终奖,思泉新材料,原材料及加工/模具，未融资，100-499人,泛微OA系统开发，ERP/MES/WMS系统，金蝶云星空二次开发
电子软件开发工程师,7-12K·13薪,3-5年，本科,漳州·龙海区·龙池,年终奖，五险一金，带薪年假,蒙发利,仪器仪表/工业自动化，1000-9999人,单片机开发，物联网
ARM软件开发工程师,15-30K,经验不限，本科,上海,零食下午茶，定期体检，带薪年假，五险一金，餐补，节日福利，员工旅游,柏飞电子,计算机软件，不需要融资，100-499人,Linux
C++软件开发工程师,7-12K,1-3年，本科,武汉,,地大坤迪,计算机软件，100-499人,C++，计算机相关专业，C++服务端开发经验，地质及相关
.NET软件开发工程师,5-10K,1-3年，大专,德阳·旌阳区·龙泉山南路,五险一金，补充医疗保险，带薪年假，项目奖金，交通补助，通讯补贴，餐补，积分奖励，生日礼物，节日福利，零食下午茶，员工旅游,大宇信息,计算机软件，不需要融资，20-99人,.NET，.NET开发经验
qt软件开发工程师,3-4K,经验不限，大专,深圳·龙华区·龙华,绩效奖金，五险一金,千层智能,计算机软件，0-20人,C++，Python，计算机相关专业，Qt项目开发经验
电子软件开发工程师,11-20K,3-5年，大专,广州·南沙区·榄核,生日福利，住房补贴，包吃，宿舍有空调，包住，节日福利，全勤奖，工龄奖，带薪年假，绩效奖金，五险一金,澳兰斯健康,家具/家电/家居，未融资，500-999人,电子相关专业，单片机设计经验
专网通信应用软件开发工程师,10-15K,1-3年，本科,深圳·罗湖区·莲塘,员工旅游，全勤奖，通讯补贴，五险一金，节日福利,中瑞科,通信/网络设备，未融资，100-499人,数据结构，网络协议，Socket技术，Linux，STL，Windows
QT/C++软件开发工程师,18-20K,1-3年，大专,南京·玄武区·徐庄软件园,全勤奖，节日福利，员工旅游，加班补助，年终奖,胜太电力,电力/热力/燃气/水利，20-99人,C++，Qt项目开发经验，QT，游戏引擎，多线程，STL，MFC
Android framework 软件开发工程师,15-28K·15薪,5-10年，本科,大连·甘井子区·高新园区,绩效奖金，七险一金，补充医疗保险，年终奖，定期体检，子女福利，通讯补贴，五险一金，餐补，带薪年假，节日福利,亿咖通科技ECARX,互联网，已上市，1000-9999人,Android开发经验，Java，C++，C，AndroidStudio
流媒体软件开发高级工程师,18-35K,3-5年，本科,上海·宝山区·高境,五险一金，年终奖，带薪年假，员工旅游,韬安,计算机软件，不需要融资，20-99人,C++，音视频编解码，流媒体技术，golang，微服务架构
.net开发软件工程师,8-12K,3-5年，本科,上海·奉贤区·南桥,节日福利，年终奖，餐补，五险一金，定期体检，员工旅游，股票期权，通讯补贴，带薪年假,斐酷PHICOOL,智能硬件，天使轮，20-99人,.NET，.NET Core，C#，.NET开发经验
电机控制器底层软件开发工程师,8-13K,1-3年，本科,北京·通州区·果园,通讯补贴，团建聚餐，节日福利，包吃包住，包吃，五险一金，股票期权，绩效奖金，餐补，生日福利，包住，带薪年假，宿舍有空调，年终奖,宏瑞汽车,汽车生产，A轮，500-999人,ARM开发，C语言，C++，汽车，单片机开发，底层驱动
中/高级嵌入式开发软件工程师,20-35K,3-5年，本科,北京·朝阳区·来广营,七险一金，补充医疗保险，零食下午茶，定期体检，加班补助，五险一金，员工旅游，带薪年假，节日福利,汉朔科技股份有限...,智能硬件，C轮，500-999人,C语言，嵌入式技术，Linux，FreeRTOS，单片机开发
软件开发,3-5K,1-3年，大专,邢台·信都区·育才路,,叶瑞,电子商务，20-99人,C/C++，数据采集
C#软件开发,10-15K,3-5年，大专,东莞,带薪年假，包吃，零食下午茶，员工旅游，年终奖，包住，全勤奖，节日福利,尚夏网络,计算机软件，不需要融资，20-99人,C#，SQL Server，C#开发经验，.NET开发经验，DEV控件
软件开发,5-10K,1-3年，本科,厦门·思明区·软件园,,光达信,电子/半导体/集成电路，0-20人,C，STM32开发，ARM开发，通信相关专业
软件开发程序员,3-8K,1-3年，大专,遵义·汇川区·上海路,加班补助，通讯补贴，五险一金，全勤奖，员工旅游，带薪年假，节日福利,永恒光,互联网，不需要融资，20-99人,PHP，Python，Java，计算机相关专业，PHP开发经验
软件开发经理,45-55K·14薪,5-10年，本科,上海·浦东新区·张江,,价值谷科技,电子/半导体/集成电路，0-20人,网络协议，STL，SVN
软件开发实习生,100-170元/天,5天/周，本科,宁波·海曙区·火车站,节日福利，餐补，员工旅游，交通补助，定期体检，带薪年假，年终奖，补充医疗保险，通讯补贴，包吃，住房补贴，五险一金，零食下午茶,中控微电子,电子/半导体/集成电路，未融资，20-99人,C++，Python，计算机相关专业，PyQt，wxPython，Qt
软件开发管培生,12-20K,在校/应届，本科,上海,节日福利，餐补，通讯补贴，定期体检，团建聚餐，股票期权，年终奖，生日福利，全勤奖，零食下午茶，带薪年假，五险一金,清鹤科技,互联网，已上市，100-499人,C语言，Java，Python，计算机相关专业，C语言开发经验
软件开发技术总监,15-20K,3-5年，本科,南宁·西乡塘区·高新区,定期体检，节日福利，五险一金，员工旅游，餐补,申能达,电子商务，未融资，100-499人,Java，HTML，CSS，微服务架构，Socket技术，数据结构
市场开拓专员-物联网、智慧建造、软件开发,6-10K·13薪,1-3年，大专,深圳·南山区·科技园,五险一金，定期体检，年终奖，带薪年假，员工旅游，节日福利，零食下午茶,联深科技发展有限公司,电子/半导体/集成电路，未融资，20-99人,销售岗，客户开发，商户合作，互联网/科技，其他
.net 软件工程师,11-12K,1-3年，大专,武汉·洪山区·黄家湖大学城,员工旅游，专项礼金，餐补，包吃，定期体检，节日福利，生日福利，股票期权，通讯补贴，五险一金，年终奖，带薪年假,利德测控,计算机软件，未融资，100-499人,.NET，C#，Vue/React/Angular，.NET开发经验
【外资】RoR 软件工程师,14-20K·13薪,1-3年，本科,上海·浦东新区·陆家嘴,,凯业必达,计算机软件，0-20人,ruby on rails，php，aws
软件工程师 汽车电子软件工程师,10-15K,3-5年，大专,中山·小榄镇·泰丰,五险一金，工龄奖，通讯补贴，年终奖，员工旅游，补充医疗保险，交通补助，全勤奖，节日福利，零食下午茶，底薪加提成，餐补，住房补贴,能通电子,贸易/进出口，未融资，100-499人,C++，Java，Python，计算机相关专业
软件工程师双休,15-20K,1-3年，大专,合肥·瑶海区·花冲公园,加班补助，定期体检，五险一金，员工旅游，节日福利，零食下午茶，带薪年假，全勤奖，年终奖，补充医疗保险,合肥吉锂能电子,计算机服务，20-99人,PCB设计，版图设计工程师，示波器，AD，软件工程师
软件工程师,15-30K,经验不限，本科,北京·海淀区·上地,五险一金，年终奖，通讯补贴，带薪年假，股票期权,聚创造,互联网金融，天使轮，0-20人,Android客户端产品研发，架构设计/优化，Java，Kotlin
软件工程师,12-20K·13薪,3-5年，本科,珠海·香洲区·唐家湾,五险一金，年终奖，带薪年假，节日福利，加班补助，交通补助，通讯补贴,西米科技,电子/半导体/集成电路，未融资，20-99人,C语言
软件工程师,10-15K,经验不限，本科,苏州·虎丘区·高新区,年终奖，节日福利，股票期权，带薪年假，员工旅游，餐补，补充医疗保险，通讯补贴，五险一金，定期体检,高视科技,计算机硬件，D轮及以上，100-499人,QT，OpenCV
软件工程师,8-10K,3-5年，本科,连云港,底薪加提成，节假日加班费，高温补贴，通讯补贴，生日福利，年终奖，全勤奖，有无线网，工龄奖，保底工资，绩效奖金，补充医疗保险，免费工装，意外险，员工旅游，节日福利，包吃,君昱合流体设备科技,石油/石化，0-20人,C#，SQL Server，C#开发经验
软件工程师,10-15K·13薪,3-5年，本科,合肥,节日福利，餐补，加班补助，股票期权，年终奖,瞭望科技,电子/半导体/集成电路，天使轮，20-99人,C++，Java，计算机相关专业
软件工程师,12-15K,1-3年，本科,深圳·宝安区·宝安中心区,五险一金，定期体检，全勤奖，股票期权，带薪年假，员工旅游，节日福利,五核合科技,电子/半导体/集成电路，不需要融资，0-20人,Python，Shell，嵌入式技术，网络协议，数据结构
软件工程师,15-30K,3-5年，硕士,嘉兴,节日福利，餐补，加班补助，五险一金，带薪年假,浙江辛帝亚,电子/半导体/集成电路，未融资，20-99人,C#
软件工程师,7-12K,1年以内，本科,广州·黄埔区·南岗,,大凌实业,电子/半导体/集成电路，已上市，100-499人,后端开发
应用软件工程师,13-26K,3-5年，本科,北京·大兴区·旧宫,带薪年假，餐补，加班补助，全勤奖，交通补助，住房补贴，免费工装，五险一金，绩效奖金，带薪病假,擎锋科技,智能硬件，未融资，20-99人,C++，Linux
C++软件工程师,10-15K,3-5年，大专,广州·增城区·荔联,五险一金，交通补助，零食下午茶，带薪年假，通讯补贴，加班补助，节日福利，年终奖,万物智联,计算机服务，未融资，20-99人,Linux，QT，嵌入式技术，网络协议，网络编程，软件工程师
.NET软件工程师,5-8K,1-3年，大专,长沙·岳麓区·麓谷,,巨龙网络,移动互联网，未融资，0-20人,ASP，.NET，HTML5
C#软件工程师,6-11K·13薪,1-3年，大专,青岛·城阳区·流亭,团建聚餐，节日福利，年终奖，零食下午茶，五险,美谷弥佳,互联网，天使轮，0-20人,C#，SQL Server，ASP.NET，C#开发经验，计算机相关专业
c++软件工程师,15-30K·13薪,3-5年，本科,武汉·洪山区·街道口,五险一金，年终奖，加班补助，住房补贴，带薪年假，零食下午茶,拾光熵简,计算机软件，未融资，20-99人,C++，C语言，计算机相关专业，C++服务端开发经验
.NET软件工程师,4-8K,1年以内，本科,石家庄·桥西区·红旗,全勤奖，节日福利，五险一金，加班补助,网新科技集团,互联网，不需要融资，20-99人,Javascript，.NET，C#
labview软件工程师,5-10K·13薪,1-3年，本科,东营·东营区·西城,高温补贴，年终奖，加班补助，节假日加班费，五险一金，法定节假日三薪，交通补助，通讯补贴，免费工装，有无线网,双益电气,仪器仪表/工业自动化，不需要融资，20-99人,labview，测试开发
软件工程师,8-13K,1-3年，本科,成都·武侯区·紫荆,节日福利，五险一金，加班补助，零食下午茶,奇芯微电子,电子/半导体/集成电路，20-99人,QT，MFC
软件工程师,3-5K,1年以内，大专,南京·雨花台区·小行,餐补，带薪年假，零食下午茶，加班补助，股票期权，包吃，交通补助，住房补贴，节日福利，补充医疗保险，定期体检，员工旅游，五险一金，年终奖,勤泽文化,智能硬件，未融资，20-99人,Unity3D，计算机/软件工程相关专业，软件开发经验
软件工程师,20-40K,3-5年，本科,北京·海淀区·安宁庄,节日福利，补充医疗保险，定期体检，股票期权，12%公积金，带薪年假，五险一金，餐补，年终奖,小米,互联网，已上市，10000人以上,架构设计/优化，研发流程优化，Java，C，C++
软件工程师,6-10K,1-3年，大专,宁德·福安市·秦溪洋,,岭阳电子,电子/半导体/集成电路，20-99人,C，ARM开发，计算机相关专业，嵌入式/单片机开发经验
软件工程师,5-10K,1-3年，本科,长沙·长沙县·榔梨镇,节日福利，年终奖，带薪年假，零食下午茶，五险一金,湖南军威,计算机软件，未融资，20-99人,嵌入式技术
软件工程师,10-15K,5-10年，本科,肇庆,餐补，年终奖，定期体检，带薪年假，股票期权，包吃，五险一金，通讯补贴，员工旅游，节日福利,合普动力,汽车零部件，未融资，500-999人,matlab，simulink
软件工程师助理,4-7K,经验不限，大专,常州·新北区·三井,周年纪念奖励，团建聚餐，年终奖，员工旅游，零食下午茶，定期体检，五险一金，节日福利，带薪年假，通讯补贴，餐补，交通补助，有无线网,磐石电气,智能硬件，不需要融资，20-99人,C++，C#，Java，C语言
控制软件工程师,20-35K,5-10年，本科,杭州·余杭区·老余杭,五险一金，节日福利，带薪年假，年终奖,径卫视觉,智能硬件，B轮，100-499人,DSP开发经验
Linux软件工程师,18-35K,经验不限，本科,青岛·崂山区·崂山风景区,定期体检，节日福利，五险一金，免费班车，年终奖，员工旅游，带薪年假,伟达智慧科技,互联网，天使轮，100-499人,C++，Linux，软件工程师，网络协议，多线程
框架软件工程师,15-25K·14薪,3-5年，本科,苏州·昆山市·世茂,八险一金，年终奖，意外险，团建聚餐，定期体检，补充医疗保险，餐补，领导nice，零食下午茶，带薪年假，节日福利，员工旅游，五险一金,阿丘科技,企业服务，C轮，500-999人,C++，Winform，WPF，架构师，人工智能
软件工程师要求,8-13K,经验不限，本科,武汉·江夏区·光谷,住房补贴，员工旅游，团建聚餐，包住，节日福利，交通补助，五险一金，年终奖，有无线网，宿舍有空调，法定节假日三薪,匾福光电,通信/网络设备，未融资，20-99人,C++
软件工程师/Labview,7-12K,经验不限，本科,深圳·宝安区·沙井,五险一金，定期体检，带薪年假，餐补，节日福利,誉辰自动化,其他行业，未融资，1000-9999人,Labview
电气软件工程师,10-13K,3-5年，中专/中技,上海·嘉定区·外冈,,锦寻,机械设备/机电/重工，0-20人,PLC工程师，电控工程师
软件工程师,10-13K,5-10年，本科,深圳·龙岗区·平湖,五险一金，股票期权,瀚索科技,智能硬件，未融资，20-99人,C++，C语言，汇编语言，嵌入式技术，软件工程师
软件工程师,8-12K,3-5年，本科,沈阳,带薪年假，补充医疗保险，保底工资，包住，加班补助，定期体检，零食下午茶，五险一金，团建聚餐，夜班补助，餐补，免费工装，法定节假日三薪，节日福利，节假日加班费，提供住宿，包吃，高温补贴，绩效奖金，交通补助,沈阳微控,机械设备/机电/重工，未融资，20-99人,软件工程师
GPU底层软件工程师,15-25K·13薪,经验不限，本科,西安·长安区·韦曲,餐补，定期体检，高温假，节日福利，五险一金,凌久微,电子/半导体/集成电路，未融资，100-499人,C/C++
点胶软件工程师（深圳）,13-22K·13薪,3-5年，本科,深圳·宝安区·新安,节日福利，五险一金，员工旅游，股票期权，带薪年假，零食下午茶，定期体检，年终奖,崧智智能,机械设备/机电/重工，B轮，20-99人,C#，C++，点胶，运动控制
软件工程师,12-24K·14薪,5-10年，本科,南京·栖霞区·新港开发区,包住，节日福利，包吃，夜班补助，加班补助，意外险，团建聚餐，生日福利，宿舍有空调，免费班车，高温补贴，带薪年假，法定节假日三薪，五险一金，节假日加班费，绩效奖金，定期体检，免费工装，通讯补贴，年终奖,康尼新能源,汽车零部件，未融资，500-999人,C++，STM32开发，ARM开发，电气电气/自动化相关专业
.NET高级软件工程师,17-22K·16薪,5-10年，本科,深圳·南山区·科技园,补充医疗保险，五险一金，定期体检，节日福利，带薪年假，通讯补贴，年终奖,凯睿德,计算机软件，不需要融资，100-499人,C#，SQL，.NET，Angular，微服务架构，GIT，SQL Server
软件工程师,12-20K·13薪,3-5年，本科,深圳,五险一金，年终奖，节日福利，补充医疗保险，股票期权，带薪年假，员工旅游，定期体检,深蓝股份,电子/半导体/集成电路，已上市，100-499人,单片机开发，嵌入式技术，嵌入式软件开发
软件工程师,15-25K,3-5年，本科,深圳·宝安区·新安,零食下午茶，员工旅游，五险一金，餐补，定期体检，节日福利,岍丞,电子/半导体/集成电路，未融资，100-499人,C语言，C++
软件工程师,10-15K·13薪,1-3年，本科,上海·嘉定区·嘉定镇,带薪年假，交通补助，加班补助，全勤奖，餐补，年终奖，五险一金，节日福利，住房补贴，定期体检,储融检测,检测/认证，不需要融资，100-499人,C#，C++，Python，C#开发经验，.NET开发经验
软件工程师,5-8K,1-3年，本科,九江·浔阳区·七里湖,,鄱湖之都,互联网，20-99人,IOS，安全技术支持，Android
软件工程师,7-12K,3-5年，大专,武汉·洪山区·光谷,五险一金，年终奖，节日福利,湖北海震,电子/半导体/集成电路，未融资，20-99人,.NET，.NET Core，MySQL/SQL Server/Oracle
软件工程师,10-15K,3-5年，本科,北京·海淀区·人民大学,,天工盈创,计算机软件，0-20人,HTML，CSS，JavaScript，SQL，ES6，移动端
软件工程师,10-15K,3-5年，大专,台州,五险，生日福利，节日福利，餐补,汇诚汇捷影像数码科技,机械设备/机电/重工，A轮，20-99人,多线程，架构师，Oracle，MySQL，SQL Server
C#软件工程师,15-30K·16薪,3-5年，本科,深圳·龙华区·观澜,餐补，年终奖，住房补贴，带薪年假，免费班车，五险一金，节日福利，股票期权,三一海洋重工,机械设备/机电/重工，已上市，1000-9999人,SQL，多线程，WPF，Oracle，软件工程师，架构师
C++软件工程师,8-13K·14薪,1-3年，本科,武汉·洪山区·鲁巷,加班补助，带薪年假，定期体检，全勤奖，节日福利，补充医疗保险，餐补，员工旅游，年终奖，五险一金,武汉瑞思信息,计算机软件，未融资，100-499人,Socket技术，MFC，Oracle
c++软件工程师,12-15K,1-3年，本科,北京·海淀区·上地,通讯补贴，免费班车，定期体检，节日福利，餐补，带薪年假，年终奖，五险一金，交通补助,科东电力,信息安全，不需要融资，1000-9999人,C++，计算机相关专业
.NET软件工程师,6-11K,经验不限，学历不限,青岛·城阳区·春阳路,带薪年假，节日福利，加班补助，节日福利，员工旅游，股票期权，五险一金,帕特智能,计算机软件，未融资，20-99人,C#，网络协议，ASP.NET，WCF，Winform，Windows
高级软件工程师,10-15K,1-3年，本科,泉州·晋江市·池店,交通补助，保底工资，零食下午茶，住房补贴，团建聚餐，年终奖，全勤奖，节日福利，绩效奖金，补充医疗保险，有无线网，带薪年假，员工旅游，底薪加提成，生日福利，加班补助，高温补贴，工龄奖,冠武电子商务有限公司,电子商务，20-99人,爬虫，爬虫经验，数据开发，服务端开发经验
软件工程师（.net）,7-12K·13薪,1-3年，大专,威海·环翠区·九龙城,餐补，五险一金，员工旅游，加班补助，定期体检，节日福利，带薪年假，通讯补贴，年终奖,联亚软件,计算机软件，不需要融资，100-499人,JavaScript，.NET，网络协议，SQL Server，Oracle，MySQL
高级软件工程师,25-30K,5-10年，本科,苏州·苏州工业园区·独墅湖,餐补，年终奖，加班补助，绩效奖金，生日福利，定期体检，带薪年假，节日福利，股票期权，零食下午茶，团建聚餐，五险一金，员工旅游，补充医疗保险,镁伽科技,智能硬件，C轮，500-999人,C#，C#开发经验
软件工程师（实习）,300-500元/天,5天/周，硕士,上海·浦东新区·金桥,五险一金，带薪年假，零食下午茶，年终奖，定期体检，节日福利，员工旅游，股票期权，绩效奖金,仙工,计算机软件，B轮，100-499人,C++，Python，C++服务端开发经验，Qt项目开发经验
软件工程师.net,8-13K,3-5年，大专,沈阳·沈北新区·辉山,五险一金，加班补助，年终奖，免费班车，带薪年假，节日福利，餐补,创奇游乐,企业服务，未融资，100-499人,C#，SQL，HTML，MVC开发，网络协议，Socket技术
助理软件工程师,5-6K,经验不限，本科,中山,零食下午茶，五险一金，员工旅游，包吃，节日福利，带薪年假，生日礼品，年终奖,迅科达,仪器仪表/工业自动化，B轮，100-499人,测试
C++软件工程师,10-15K,1-3年，本科,南京·栖霞区·仙林大学城,年终奖，定期体检，五险一金，加班补助，住宿，带薪年假，节日福利，全勤奖,科进实业,医疗健康，未融资，100-499人,C++，MFC，access，vs2015
工业互联网高级软件工程师,15-30K,5-10年，本科,北京·朝阳区·亚运村,,创联科技,互联网，A轮，20-99人,系统架构，高级技术管理
Linux系统软件工程师,20-35K,5-10年，本科,深圳·南山区·西丽,五险一金，年终奖，股票期权，定期体检，带薪年假，节日福利,Syrius炬星,智能硬件，B轮，100-499人,C++，Java，Shell，linux，机器人，人工智能，智能硬件
高级软件工程师,13-20K,3-5年，本科,成都·郫都区·郫县万达,包吃，补充医疗保险，带薪年假，定期体检，年终奖，加班补助，节日福利，五险一金，全勤奖，餐补,国润通,机械设备/机电/重工，未融资，20-99人,C++服务端开发经验，C++，C语言
软件工程师（北京）,10-11K,经验不限，本科,北京·海淀区·学院路,餐补，员工旅游，全勤奖，带薪年假，定期体检，五险一金,华清瑞达,电子/半导体/集成电路，未融资，100-499人,C++
高级软件工程师,15-30K·13薪,3-5年，本科,合肥·蜀山区·高新区,五险一金，年终奖，带薪年假，餐补，节日福利,江苏绿阳,新能源，不需要融资，100-499人,C，DSP开发，ARM开发，电气电气/自动化相关专业
软件工程师.net,8-10K,3-5年，本科,福州·福清市·福清万达,,福清卓越信息科技...,计算机软件，不需要融资，20-99人,.Net core，Angular 6，UWP
资深软件工程师,15-30K,3-5年，本科,上海·杨浦区·五角场,零食下午茶，节日福利，股票期权，带薪病假，带薪年假，团建聚餐，加班补助，五险一金，员工旅游，绩效奖金，试用期不打折,速石科技,企业服务，B轮，20-99人,Go，数据结构，容器技术，GIT
软件工程师-UI和系统功能设计,20-30K·13薪,1-3年，本科,深圳·南山区·南油,五险一金，加班补助，交通补助，年终奖，员工旅游，带薪年假，节日福利,唯特医疗,医疗设备/器械，未融资，0-20人,医疗设备软件，C++，C，UI，Linlux，嵌入式/单片机开发经验
高级软件工程师（无锡） (MJ000020),25-40K·16薪,5-10年，本科,无锡·滨湖区·太湖景区,五险一金，住房补贴，股票期权，加班补助，节日福利，定期体检，带薪年假，餐补，年终奖，员工旅游,三晶电气,智能硬件，不需要融资，1000-9999人,C，DSP开发经验，控制算法，光伏逆变器，户用储能机
微服务工程师/架构师,15-25K·13薪,3-5年，硕士,南京·玄武区·钟学北路,高温假，补充医疗保险，团建活动，加长春节假期，年终奖，加班补助，餐补，交通补助，定期体检，节日福利，员工旅游，带薪年假，五险一金，文体活动,中国电科28所,计算机软件，不需要融资，1000-9999人,Dubbo，微服务，RPC，分布式技术
软件架构工程师,16-22K,5-10年，本科,南京·雨花台区·铁心桥,补充医疗保险，通讯补贴，加班补助，五险一金，节日福利，年终奖，定期体检，交通补助，餐补，带薪年假,创博,通信/网络设备，不需要融资，20-99人,.NET，C/C++，Java
研发工程师,15-20K,3-5年，本科,北京·西城区·广内大街,,北京丸善医疗,计算机软件，100-499人,后端工程师，Java，Spring
java研发工程师,7-9K,经验不限，本科,成都·武侯区·高朋大道,零食下午茶，底薪加提成，定期体检，团建聚餐，生日福利，包吃，年终奖，保底工资，意外险，餐补，绩效奖金，节日福利，住房补贴，五险一金，员工旅游，带薪年假，股票期权,四方伟业,计算机软件，不需要融资，500-999人,后端工程师，Java，Spring，MySQL，Java开发经验
Java高级研发工程师,20-30K·14薪,3-5年，本科,北京·海淀区·中关村,带薪年假，年终奖，不定期培训，补充医疗保险，定期体检，商业保险，五险一金，餐补，节日福利，全勤奖，购房福利,好未来,互联网，已上市，10000人以上,分布式技术，服务器配置，Dubbo，SpringBoot，Redis
高级JAVA研发工程师,15-30K·15薪,经验不限，本科,杭州·上城区·钱江新城,员工旅游，五险一金，年终奖，加班补助，餐补，定期体检，补充医疗保险，股票期权，企业年金，疗休养，节日福利，带薪年假,浙江高速信息,计算机软件，不需要融资，500-999人,Java，Linux
研发工程师（JAVA),16-20K·13薪,5-10年，本科,南京·雨花台区·铁心桥,五险一金，员工旅游，定期体检，年终奖，节日福利，带薪年假，餐补，补充医疗保险，住房补贴，股票期权，交通补助，零食下午茶,百家云,计算机软件，已上市，500-999人,SQL，分布式技术，数据结构，网络编程，Spring，Redis
JAVA研发工程师,12-18K·15薪,1-3年，本科,广州·黄埔区·科学城,免费班车，零食下午茶，定期体检，五险一金，带薪年假，通讯补贴，包吃，餐补，年终奖,科诺勘测工程,电力/热力/燃气/水利，不需要融资,微服务架构，负载均衡技术，Spring，SpringCloud，MySQL
java、vue全栈研发工程师,10-15K,3-5年，大专,上海·普陀区·曹杨,年终奖，带薪年假，五险一金，餐补，员工旅游，通讯补贴，定期体检，交通补助,上海数飒科技有限公司,计算机软件，未融资，20-99人,全栈工程师，Java
Java开发工程师,11-18K·13薪,3-5年，本科,宁波·鄞州区·世纪东方广场,五险一金，加班补助，定期体检，节日福利，带薪年假，员工旅游，股票期权，年终奖,宁帆信息,医疗健康，未融资，100-499人,团队管理经验，大数据处理经验，spring cloud，架构师
Java开发工程师,7-12K·13薪,1-3年，本科,武汉·江岸区·堤角,团建聚餐，底薪加提成，绩效奖金,开运数科,交通/运输，天使轮，20-99人,SQL，微服务架构，负载均衡技术，文件管理系统
Java开发工程师,15-25K·15薪,3-5年，本科,杭州·上城区·钱江新城,年终奖，五险一金，带薪年假，补充医疗保险，节日福利，餐补，定期体检,杭州城市大脑,数据服务，不需要融资，100-499人,SQL，微服务架构，负载均衡技术，分布式技术，多线程
Java开发工程师,6-11K,1-3年，本科,上海·黄浦区·打浦桥,五险一金，员工旅游，定期体检，年终奖，餐补,上海迅筑RPT,计算机软件，未融资，20-99人,软件工程师，初级软件工程师，Linux，后端开发
急聘Java中/高级开发工程师+双休,7-12K,1-3年，大专,成都·青羊区·太升路,五险一金,四川三维,计算机软件，未融资，100-499人,Java，Java开发经验，团队管理经验，全栈工程师
架构师,20-40K,5-10年，本科,杭州·余杭区·仓前,年终奖，股票期权，带薪年假，员工旅游，餐补，节日福利，五险一金，零食下午茶，补充医疗保险，定期体检,共道科技,互联网，不需要融资，100-499人,Java，中间件，系统架构
高级java开发工程师、技术专家,20-40K·16薪,3-5年，本科,杭州·余杭区·五常,零食下午茶，五险一金，节日福利，股票期权，员工旅游，补充医疗保险，年终奖，餐补，交通补助，免费班车,阿里巴巴集团,互联网，已上市，10000人以上,MySQL，Java，Spring，Dubbo，Mybatis，后端开发
JAVA开发工程师,7-10K·14薪,经验不限，本科,金华·东阳市·横店城东,高温补贴，有无线网，意外险，餐补，宿舍有空调，工龄奖，绩效奖金，定期体检，通讯补贴，交通补助，五险一金，全勤奖，年终奖，住房补贴,横店集团东磁股份...,新能源，已上市，10000人以上,Java，MySQL，Java开发经验
JAVA开发工程师,8-12K,经验不限，本科,南京·雨花台区·南京南站,五险一金，定期体检，加班补助，通讯补贴，零食下午茶，带薪年假，住房补贴，交通补助，年终奖，节日福利，免费班车，补充医疗保险，股票期权，员工旅游,华为终端有限公司,通信/网络设备，不需要融资，10000人以上,容器技术，Spring，MySQL，Java，后端
java架构师,20-25K,3-5年，大专,杭州·余杭区·西溪,五险一金，员工旅游，股票期权，餐补，包吃，节日福利，交通补助，年终奖，带薪年假,豪波安全科技,计算机软件，不需要融资，100-499人,Spring，Java，MyBatis，团队管理经验，CAP，Dubbo
JAVA开发工程师,15-30K,3-5年，大专,上海·普陀区·金沙江路,免费班车，节假日加班费，法定节假日三薪，员工旅游，带薪年假，五险一金，股票期权，定期体检，加班补助，生日福利，节日福利，年终奖,红星美凯龙,批发/零售，已上市，10000人以上,SQL，Spring，架构师，SpringCloud，SpringBoot
Java开发工程师,15-30K·13薪,3-5年，本科,武汉·江夏区·金融港,年终奖，补充医疗保险，定期体检，交通补助，包吃，股票期权，带薪年假，餐补，员工旅游，节日福利，五险一金，零食下午茶，免费班车,京东集团,电子商务，已上市，10000人以上,分布式技术，微服务架构，负载均衡技术，SpringBoot
Java开发工程师,12-17K,3-5年，本科,成都·青羊区·春熙路,全勤奖，生日福利，带薪年假，团建聚餐，年终奖，高温补贴，底薪加提成，补充医疗保险，工龄奖，绩效奖金，意外险，交通补助，有无线网，员工旅游，保底工资，五险一金，定期体检，节日福利，通讯补贴，住房补贴,艾德汇联,运营商/增值服务，20-99人,微服务架构，服务器配置，分布式技术，数据结构，多线程
JAVA开发工程师,9-14K·13薪,1-3年，本科,上海·浦东新区·三林,,上海钛云,移动互联网，20-99人,SQL，CSS，服务器配置，微服务架构，Spring，SpringMVC
Java开发工程师,5-9K,3-5年，本科,廊坊·安次区·银河南路,,北京慧远云程科技,计算机软件，20-99人,后端工程师，Java，Spring，JavaScript
Java开发工程师,18-25K,5-10年，本科,上海·浦东新区·外高桥,,三稻智能,互联网，未融资，20-99人,Java
JAVA开发工程师,15-25K,3-5年，本科,上海·静安区·曹家渡,五险一金，餐补，调薪机会，全额公积金，带薪年假,浩霖汇,计算机软件，天使轮，20-99人,分布式技术，微服务架构，熟悉版本工具 svn
Java开发工程师,22-25K,5-10年，本科,杭州·上城区·城站,餐补，五险一金，带薪年假，节日福利，股票期权，定期体检，年终奖,信雅达科技股份,计算机软件，已上市，1000-9999人,Java，不接受居家办公，oracle，银行
开发工程师,5-10K,1-3年，大专,兰州·城关区·段家滩,,至简数字,计算机服务，未融资，0-20人,后端开发，Java，Python
java开发工程师,7-9K,3-5年，大专,武汉·洪山区·街道口,加班补助，带薪年假，餐补，零食下午茶,火焱鸟,计算机软件，0-20人,Java
Java开发工程师,10-15K,1-3年，本科,北京·海淀区·上地,,易伟航,计算机软件，未融资，20-99人,Java，后端开发，Linux
Java开发工程师,11-17K·13薪,3-5年，本科,武汉·武昌区·中南路,五险一金，定期体检，全勤奖，年终奖，带薪年假，员工旅游,深圳优联合创智慧科技,计算机服务，A轮，20-99人,MVC开发，Spring，MySQL，后端开发
Java中级开发工程师,12-15K,1-3年，本科,深圳·南山区·蛇口,五险一金，零食下午茶，节日福利，绩效奖金，带薪年假，餐补，补充医疗保险，团建聚餐，员工旅游,迪聚海思,计算机软件，A轮，100-499人,SQL，多线程，数据结构，SpringBoot，SSM，Oracle
Java开发工程师,15-16K,3-5年，本科,成都·武侯区·红牌楼,,钛马启德,计算机软件，20-99人,微服务架构
java开发工程师,25-30K,5-10年，本科,深圳·南山区·科技园,零食下午茶，补充医疗保险，通讯补贴，全勤奖，年终奖，定期体检，员工旅游，餐补，带薪年假，免费班车，五险一金，节日福利，交通补助,微众银行,互联网金融，不需要融资，1000-9999人,后端工程师，Java，Spring，MyBatis，Java开发经验
Java开发工程师,9-14K·13薪,1-3年，大专,南京·建邺区·西善桥,企业年金，工龄奖，加班补助，年终奖，通讯补贴，定期体检，夜班补助，保底工资，生日福利，带薪年假，法定节假日三薪，底薪加提成，交通补助，意外险，节假日加班费，股票期权，五险一金，全勤奖，节日福利，补充医疗保险,涌亿思,移动互联网，不需要融资，20-99人,Java开发经验，Java，MySQL，MyBatis，Spring
Java开发工程师,8-12K,3-5年，本科,武汉·江夏区·纸坊,五险一金，定期体检,微视互动,广告营销，天使轮，20-99人,Java，JavaScript，SQL，HTML，CSS
高级后台开发工程师,18-23K,5-10年，本科,深圳·宝安区·西乡,股票期权，带薪年假，零食下午茶，团建聚餐，年终奖，五险一金,静康医疗,医疗设备/器械，未融资，20-99人,Java，MySQL，Redis
高级java开发工程师,15-30K,3-5年，本科,杭州·余杭区·仓前,年终奖，餐补，股票期权，免费班车，员工旅游，五险一金，零食下午茶，补充医疗保险，节日福利，交通补助,阿里巴巴集团,互联网，已上市，10000人以上,Java，系统架构，中间件
中级java开发工程师,15-25K,3-5年，本科,北京·丰台区·科技园区,带薪年假，加班补助，定期体检，餐补，五险一金，住房补贴，交通补助,博英科技,计算机软件，未融资，100-499人,Java开发经验，Java，团队管理经验，分布式系统开发经验
高级Java开发工程师,50-80K,3-5年，本科,合肥·蜀山区·经开区,带薪年假，补充医疗保险，股票期权，定期体检，年终奖，加班补助，通讯补贴，五险一金,NIO蔚来,汽车生产，已上市，10000人以上,Java
Java高级开发工程师,25-35K·14薪,5-10年，本科,北京,定期体检，五险一金，节日福利，股票期权，绩效奖金，带薪年假，补充医疗保险，生日福利，工作日午餐，团建聚餐，免费工装，零食下午茶，交通补助,蓝晶微生物,环保，B轮，100-499人,高级软件工程师，SpringBoot，Redis，容器技术
java开发工程师,13-20K·13薪,5-10年，本科,苏州·苏州工业园区·湖东,,瑞方技术,计算机软件，20-99人,后端工程师，Java，Spring，Java开发经验，测试报告
java开发工程师,15-25K·13薪,1-3年，本科,广州·海珠区·官洲,餐补，年终奖，节日福利，零食下午茶，绩效奖金，股票期权，五险一金，员工旅游，团建聚餐，带薪年假,广州乐药,电子商务，D轮及以上，10000人以上,Java，Spring，JavaScript
高级java开发工程师,23-28K·13薪,5-10年，本科,上海·杨浦区·五角场,年终奖，带薪年假，补充医疗保险，节日福利，五险一金，交通补助，定期体检，餐补，免费班车,Cognizant,计算机软件，已上市，1000-9999人,后端工程师，Java，Spring，MySQL
高级Java开发工程师,10-15K,3-5年，本科,上海·静安区·汶水路,带薪年假，年终奖，五险一金，绩效奖金,优方科技,计算机软件，未融资，20-99人,Java，Eclipse，SpringCloud，Redis，Spring，后端工程师
Java开发工程师(高级),8-12K,5-10年，本科,连云港·海州区·盐河路,节日福利，员工旅游，带薪年假，年终奖，定期体检，五险一金,迅成信息,计算机软件，未融资，0-20人,高级软件工程师，企业级应用开发
MES设计开发工程师,11-20K·13薪,1-3年，本科,无锡·滨湖区·太湖景区,节日福利，股票期权，带薪年假，五险一金，员工旅游，零食下午茶，餐补，年终奖，定期体检，加班补助,苏州珂阳,电子/半导体/集成电路，A轮，100-499人,智能制造，FAB制造，半导体，泛半导体，面板，MES设计
高级Java开发工程师,15-20K,5-10年，大专,深圳·福田区·皇岗,带薪年假，项目奖金，加班补助，交通补助，包吃，五险一金，节日福利,航天广通,计算机软件，未融资，100-499人,服务器配置，消息队列，PostgreSQL，MySQL
Java后端开发工程师,12-23K,5-10年，本科,长沙·岳麓区·麓谷,股票期权，员工旅游，交通补助，年终奖，带薪年假，五险一金,展视网,音乐/视频/阅读，A轮，100-499人,SQL，CSS，微服务架构，Spring，MySQL，分布式技术
Java开发工程师（上海2）,25-40K·13薪,3-5年，本科,上海·浦东新区·陆家嘴,五险一金，年终奖，节日福利，生日福利，员工旅游，零食下午茶，加班补助，团建聚餐，定期体检，带薪年假，股票期权,晟合坤,互联网金融，B轮，100-499人,容器技术，后端开发，Spring，Oracle
Java中高级开发工程师,18-25K,3-5年，本科,武汉·武昌区·东亭,节日福利，年终奖，交通补助，餐补，定期体检，五险一金，加班补助，带薪年假，通讯补贴,上海电气数智,环保，未融资，20-99人,SQL，微服务架构，搜索引擎技术，分布式技术，多线程
JAVA高级开发工程师,40-60K,5-10年，硕士,北京·东城区·东四,五险一金，通讯补贴，带薪年假，定期体检，企业年金，节日福利，底薪加提成，绩效奖金，交通补助，生日福利，年终奖，免费工装，餐补,银河证券,互联网金融，已上市，1000-9999人,Java，MySQL，Redis
Java资深开发工程师,30-40K,5-10年，本科,北京·海淀区·上地,带薪年假，股票期权，年终奖，五险一金,新橙智慧,计算机服务，未融资，20-99人,MVC开发，服务器配置，容器技术，分布式技术，多线程
java开发工程师,8-13K,3-5年，本科,厦门·思明区·观音山,零食下午茶，带薪年假，节假日加班费，年终奖，五险一金,星知付,计算机软件，未融资，0-20人,后端工程师，Java，Java开发经验，计算机/软件工程相关经验
Java开发工程师,6-11K·14薪,3-5年，大专,襄阳·樊城区·新五中,,湖北诚佰网络科技,计算机软件，20-99人,全栈工程师，Java，MySQL，SpringMVC，SQL Server
开发工程师,15-20K·13薪,3-5年，大专,昆明·西山区·前卫,补充医疗保险，年终奖，餐补，节日福利，婚丧补贴，员工旅游，加班补助，带薪年假，通讯补贴，定期体检，零食下午茶，五险一金，生日福利，工龄奖,银星科技,通信/网络设备，未融资，20-99人,HTML，CSS，微服务架构，消息队列，Spring，Redis
Java开发工程师【深圳】,10-15K·13薪,3-5年，本科,深圳·福田区·岗厦,五险一金，股票期权，员工旅游，年终奖，加班补助,浩丰源,计算机软件，天使轮，20-99人,SpringBoot，Spring，Redis，SpringCloud，MySQL
后端开发工程师,12-18K·13薪,1-3年，本科,杭州·拱墅区·万达广场,年终奖，定期体检，生日福利，有无线网，通讯补贴，交通补助，团建聚餐，节日福利，餐补，五险一金，带薪年假，零食下午茶，员工旅游，加班补助，股票期权，全勤奖，节假日加班费,浙大网新,计算机软件，已上市，1000-9999人,Java，Spring，MySQL
Java开发工程师（运维方向）,8-13K,1-3年，本科,武汉·汉阳区·沌口,带薪年假，餐补，年终奖，交通补助，补充医疗保险，五险一金，定期体检，通讯补贴,智行国际,计算机软件，未融资，100-499人,SQL，HTML，CSS，容器技术，Struts，SpringCloud
开发工程师,5-10K,1-3年，本科,西安·雁塔区·曲江新区,,慧谷通用,计算机软件，100-499人,SQL，网络协议，Spring，Hibernate，Struts，Oracle
后端开发工程师,12-16K·14薪,1-3年，本科,成都·双流区·华阳,年终奖，定期体检，节日福利，通讯补贴，餐补，带薪年假，零食下午茶，五险一金，交通补助,蜀天梦图,数据服务，未融资，20-99人,容器技术，分布式技术，Linux，Spring，SpringBoot
Java开发工程师,15-25K,3-5年，本科,上海·浦东新区·张江,,二三四五金融科技,互联网金融，500-999人,Java
java初级开发工程师,4-6K,经验不限，学历不限,青岛,五险一金，带薪年假，免费班车，加班补助，年终奖，定期体检，节日福利,正维科技,互联网，不需要融资，20-99人,后端工程师，Java，Spring，MySQL，Java开发经验
Java开发工程师,11-16K,3-5年，大专,广州·越秀区·环市东,员工旅游，意外险，团建聚餐，年终奖，生日福利，带薪年假，节日福利，餐补，五险一金，绩效奖金,煜晨科技,计算机软件，不需要融资，100-499人,后端工程师，Java，计算机/软件工程相关经验，Java开发经验
Java开发工程师,10-15K,3-5年，大专,上海·徐汇区·漕河泾,,上海澜赢,互联网，A轮，20-99人,Java，Web前端
Java开发工程师,5-8K,1-3年，本科,厦门·海沧区·海沧,五险一金，定期体检，节日福利，年终奖，带薪年假,理想云,通信/网络设备，未融资，20-99人,Java EE技术，SSM框架
Java开发工程师,10-15K,1-3年，本科,长沙·天心区·省政府,,闽辉石业,其他行业，100-499人,Spring，Hibernate，Dubbo，Struts，Oracle，全栈开发
Java开发工程师,12-22K,5-10年，本科,佛山·顺德区·北滘,带薪年假，零食下午茶，定期体检，免费班车，餐补，补充医疗保险，五险一金，年终奖，节日福利，员工旅游，交通补助,美云智数,互联网，不需要融资，1000-9999人,MVC开发，分布式技术
Java开发工程师,10-15K·14薪,1-3年，本科,广州·天河区·五山,五险一金，生日福利，团建聚餐，年终奖，员工旅游，带薪年假，定期体检，节日福利,数鹏通科技,计算机软件，未融资，100-499人,后端工程师，Java，JavaScript，MySQL，Java开发经验
Java开发工程师,18-22K·13薪,1-3年，本科,成都·武侯区·新会展中心,餐补，股票期权，年终奖，带薪年假，住房补贴，员工旅游，五险一金，补充医疗保险，定期体检，节日福利，加班补助,SAP Labs,互联网，已上市，10000人以上,Spring，Framework，GIT，Maven
Java开发工程师,13-15K,3-5年，大专,广州·海珠区·琶洲,零食下午茶，年终奖，节日福利,猜猜看,社交网络，天使轮，20-99人,IM通讯，Java
java开发工程师,15-20K·13薪,1-3年，本科,北京·东城区·朝阳门,股票期权，年终奖，五险一金，带薪年假，定期体检，补充医疗保险，零食下午茶,Everbridge,互联网，已上市，1000-9999人,后端工程师，Java，Spring，MongoDB
Java开发工程师,12-24K·15薪,经验不限，本科,武汉·洪山区·光谷,餐补，零食下午茶，带薪年假，五险一金，补充医疗保险，交通补助，节日福利，年终奖，通讯补贴，上下班免打卡，加班补助，员工旅游，股票期权，定期体检，年度体检，节假日礼金,联易融,互联网金融，已上市，1000-9999人,分布式技术，服务器配置，数据结构，Spring，Dubbo，Redis
中级java开发工程师,8-10K,3-5年，本科,合肥·蜀山区·高新区,五险一金，零食下午茶,医卫康,医疗健康，未融资，20-99人,Java
Java（高级）开发工程师,12-23K·14薪,5-10年，本科,珠海·香洲区·唐家湾,通讯补贴，零食下午茶，五险一金，意外险，员工旅游，包吃，年终奖，节日福利，餐补，定期体检，带薪年假，职业双通道,远光软件,计算机软件，已上市，1000-9999人,Java，SQL，Spring，Hibernate，JQuery，服务器配置
java开发工程师(广州）,13-16K·13薪,3-5年，本科,广州·天河区·燕岭,五险一金，年终奖，零食下午茶，加班补助，电脑补贴，交通补助，带薪年假，定期体检，员工旅游，节日福利，通讯补贴，补充医疗保险,易联众,计算机软件，已上市，1000-9999人,后端工程师，Spring，Java，Java开发经验
应用开发工程师,9-12K·13薪,1-3年，本科,厦门·同安区·西柯,交通补助，生日福利，定期体检，团建聚餐，绩效奖金，底薪加提成，五险一金，有无线网，带薪年假，高温补贴，节日福利，零食下午茶，员工旅游，补充医疗保险，年终奖,鲲鹭物联,互联网，未融资，20-99人,Java，JavaScript，计算机/软件工程相关经验
Java高级开发工程师,18-35K·14薪,5-10年，本科,杭州·西湖区·文二路,员工旅游，股票期权，节日福利，年终奖，补充医疗保险，带薪年假，五险一金，免费停车，父母礼物，加班补助，股票期权,微盛,互联网，B轮，1000-9999人,分布式技术，搜索引擎技术，Spring，SpringBoot，Hibernate
小程序开发工程师,6-11K·15薪,1-3年，本科,贵阳·云岩区·师大,,信达科瑞,计算机软件，未融资，20-99人,JavaScript，HTML，CSS，移动端，小程序，架构师
资深Java开发工程师,30-50K·16薪,3-5年，本科,杭州·滨江区·长河,补充医疗保险，年终奖，五险一金，包吃，免费班车，全勤奖，定期体检，带薪年假，节日福利,网易,移动互联网，已上市，10000人以上,分布式技术，SQL，多线程，服务器配置，微服务架构
后端开发工程师,10-15K,3-5年，学历不限,厦门·集美区·杏林,补充医疗保险,琴曦科技,电子商务，未融资，100-499人,SQL，负载均衡技术，Linux，SpringBoot，Spring，MySQL
java开发工程师(应届-双休),100-150元/天,5天/周，本科,广州·番禺区·东环,员工旅游，带薪年假，通讯补贴，交通补助，五险一金，零食下午茶，股票期权，补充医疗保险，节日福利，年终奖,青蓝智慧,计算机软件，未融资，20-99人,全栈工程师，后端工程师，Java，Spring，JavaScript
Java开发工程师(基础架构/中间件）,28-55K·16薪,3-5年，本科,北京·朝阳区·太阳宫,节日福利，加班补助，补充医疗保险，餐补，定期体检，带薪年假，交通补助，股票期权，员工旅游，住房补贴，年终奖,BOSS直聘,人力资源服务，已上市，1000-9999人,Java，Spring，MyBatis，基础架构，中间件
虚拟人中台Java开发工程师,25-45K·14薪,3-5年，本科,杭州·余杭区·五常,五险一金，定期体检，年终奖，免费班车，带薪年假，零食下午茶，节日福利，交通补助，股票期权，包吃,同花顺,互联网，已上市，1000-9999人,机器学习工程经验，Java，MySQL，Redis，后端工程师
java后端开发工程师,6-11K,3-5年，本科,桂林·临桂区·花生唐,意外险，生日福利，五险一金，餐补，团建聚餐，年终奖,筑和教育,培训机构，天使轮，0-20人,后端工程师，Java，Spring，MyBatis
Java开发工程师（双休）-年薪60万,20-40K·14薪,3-5年，本科,深圳·南山区·科技园,,系本尔科技,计算机硬件，100-499人,Shell，SQL，Linux，Spring，Hibernate，SVN，GIT
后端开发工程师技术栈,9-14K,1-3年，本科,上海,年终奖，带薪年假，员工旅游，定期体检，五险一金，节日福利，零食下午茶，加班补助，补充医疗保险，全勤奖,九鸽,运营商/增值服务，不需要融资，20-99人,SQL，HTML，后端开发，全栈开发，VUE
服务端开发工程师（java）,18-25K·13薪,3-5年，本科,南京·雨花台区·宁南,五险一金，年终奖，股票期权，带薪年假，节日福利,麦博智能,医疗健康，B轮，20-99人,SQL，分布式技术，网络协议，Spring，Dubbo，MySQL
LAZADA-Java开发工程师-交易链路平台-杭州,23-35K·16薪,3-5年，本科,杭州·余杭区·五常,,深圳市来赞达软件科技,计算机软件，未融资，1000-9999人,后端工程师，Java
CAD/CAX 软件研发工程师,15-30K·13薪,1-3年，本科,合肥·蜀山区·中科大,带薪年假，股票期权，年终奖，五险一金，节日福利,设云科技,计算机软件，A轮，20-99人,Python，软件工程师，后端开发，OpenGL，CUDA
软件研发工程师,11-21K,1-3年，大专,苏州·苏州工业园区·湖东,带薪年假，住房补贴，五险一金，员工旅游，定期体检，交通补助，节日福利，免费班车，年终奖,苏州和事兴,计算机软件，不需要融资，20-99人,.NET，Oracle
研发软件测试工程师,9-10K,经验不限，本科,苏州·昆山市·玉山,定期体检，餐补，五险一金，带薪年假，包吃，员工旅游，加班补助，全勤奖，补充医疗保险，年终奖,仁宝集团,电子/半导体/集成电路，不需要融资,性能测试，功能测试，Windows
嵌入式软件研发工程师,12-24K,经验不限，本科,天津·西青区·侯台,通讯补贴，年终奖，补充医疗保险，加班补助，带薪年假，住房补贴，五险一金，股票期权，餐补，员工旅游，节日福利，定期体检,中电科技(北京)...,计算机软件，未融资，0-20人,驱动开发，嵌入式软件开发，BSP开发，ARM开发，Linux
软件研发工程师（应用引擎方向）,25-40K·14薪,3-5年，学历不限,北京·朝阳区·燕莎,餐补，带薪年假，节日福利，年终奖，住房补贴，定期体检，补充医疗保险，五险一金，意外险，员工旅游，股票期权,图森未来,互联网，已上市，500-999人,Python，数据结构，Linux，Cmake，C++，分布式技术
单片机软件开发工程师,11-20K·14薪,3-5年，学历不限,杭州,年终奖，生日福利，交通补助，带薪年假，五险一金，意外险，节日福利，员工旅游，团建聚餐，高温补贴，通讯补贴，定期体检，餐补,杭州金通科技,智能硬件，已上市，1000-9999人,嵌入式技术，单片机开发
机器人软件架构师,20-35K·15薪,5-10年，硕士,杭州·西湖区·转塘,交通补助，餐补，节日福利，高温补贴，通讯补贴，带薪年假，绩效奖金，生日福利，零食下午茶，员工旅游，五险一金，补充医疗保险，团建聚餐，住房补贴，意外险，年终奖，定期体检,杭州五八智能科技,学术/科研，不需要融资，100-499人,数据结构，多线程，Python，C语言，网络编程，算法基础
单片机软件开发工程师,6-11K,3-5年，大专,东莞,加班补助，年终奖，住房补贴，五险一金，股票期权，餐补，员工旅游，包吃，节日福利，全勤奖，零食下午茶,东莞市鸿拓致科电...,电子/半导体/集成电路，不需要融资,单片机开发，芯片设计，C语言，汇编语言，电子半导体
嵌入式软件开发工程师,11-20K,3-5年，本科,天津·西青区·侯台,生日福利，餐补，五险一金，带薪年假，绩效奖金，年终奖，定期体检，节日福利,恒达文博,移动互联网，B轮，500-999人,C++，STM32，Linux，嵌入式/单片机开发经验，ARM开发
嵌入式软件开发工程师,35-45K,5-10年，本科,上海·浦东新区·张江,法定节假日三薪，带薪年假，补充医疗保险，五险一金，年终奖，通讯补贴，餐补，加班补助，定期体检，节日福利，生日福利，交通补助，免费班车，零食下午茶,紫光展锐,电子/半导体/集成电路，未融资,通信相关专业，RTOS/操作系统，threadx，freertos
嵌入式软件开发工程师,8-13K·13薪,1-3年，本科,宁波·海曙区·梁祝文化小镇,,宁波纺织仪器厂,仪器仪表/工业自动化，20-99人,C++，电气电气/自动化相关专业，嵌入式/单片机开发经验
上位机软件开发工程师,9-10K,1-3年，本科,北京·朝阳区·大望路,,尼西泰润,医疗健康，0-20人,C/C++
单片机软件开发工程师,12-20K,1-3年，本科,长沙·岳麓区·青山镇,五险一金,北斗微芯公司,通信/网络设备，未融资，20-99人,C++，STM32开发，计算机相关专业，嵌入式软件开发
（初级）软件测试自动化开发工程师,6-8K,1-3年，本科,广州·天河区·冼村,零食下午茶，定期体检，年终奖，加班补助，五险一金,云岫科技,互联网，未融资，20-99人,自动化测试，测试开发，软件测试
无人驾驶软件架构师,15-30K,5-10年，本科,北京·海淀区·五道口,包吃，股票期权，年终奖，定期体检，补充医疗保险，五险一金,Momenta,互联网，C轮，500-999人,系统架构，高级技术管理
嵌入式软件开发工程师,6-10K,3-5年，本科,安阳,宿舍有空调，定期体检，团建聚餐，绩效奖金，有无线网，生日福利，年终奖，员工旅游，包住，节日福利，五险一金,翔宇医疗,医疗设备/器械，已上市，1000-9999人,嵌入式技术，嵌入式软件开发，ARM开发，C语言，Linux
嵌入式软件开发工程师,15-22K·13薪,3-5年，本科,宁波,五险一金,极限科技,通信/网络设备，0-20人,C++，嵌入式技术，RTOS，嵌入式软件开发，驱动开发
高级软件全栈开发工程师,13-25K·16薪,3-5年，本科,哈尔滨·道里区·群力,绩效奖金，年终奖，免费工装，有无线网，生日福利，节日福利，零食下午茶，带薪年假，股票期权，节假日加班费，加班补助，住房补贴，团建聚餐，定期体检，五险一金,元始智能科技,互联网，A轮，20-99人,全栈侧重后端，JavaScript，C/C++，Python
嵌入式软件开发工程师,10-15K,1-3年，本科,杭州·滨江区·浦沿,股票期权，补充医疗保险，年终奖，交通补助，节日福利，工龄奖，五险一金，团建聚餐，零食下午茶，全勤奖，员工旅游，节假日加班费，生日福利,星科云,通信/网络设备，未融资，0-20人,ARM，嵌入式，c/c++
嵌入式软件开发工程师,11-20K·13薪,1年以内，大专,武汉·武昌区·水果湖,全勤奖，交通补助，年终奖，五险一金，住房补贴，绩效奖,湖北楚天龙,数据服务，未融资，100-499人,C，STM32开发，ARM开发，计算机相关专业，通信相关专业
嵌入式软件开发工程师,15-25K,3-5年，本科,北京·昌平区·南邵,五险一金，加班补助，年终奖，股票期权，带薪年假，员工旅游，节日福利,朗深科技,互联网，未融资，0-20人,STM32开发，系统集成，通信相关专业，C
嵌入式软件开发工程师（车载）,18-35K,3-5年，本科,上海·浦东新区·合庆,住房补贴，绩效奖金，年终奖，包住，五险一金,创青汇,计算机软件，20-99人,C，C++，STM32开发，mcu，嵌入式，车载
嵌入式软件工程师（算法开发方向）,15-27K·13薪,经验不限，本科,福州,定期体检，员工旅游，节日福利，生日福利，带薪考驾照，五险一金，年终奖，加班补助，带薪年假，餐补,AIGOSTAR,贸易/进出口，不需要融资，500-999人,C++，嵌入式技术，Linux，FreeRTOS，嵌入式软件开发
前后端/移动端-开发专家/架构师,25-45K,5-10年，本科,北京·朝阳区·望京,股票期权，节日福利，定期体检，五险一金，免费班车，交通补助，员工旅游，餐补，年终奖，带薪年假，补充医疗保险,高德地图,互联网，已上市，1000-9999人,Java，JavaScript，Python，C++，Objective-C，Swift
软件研发经理,11-20K,3-5年，本科,北京·朝阳区·北沙滩,餐补，带薪年假，五险一金，零食下午茶，通讯补贴,庆瑞霖,通信/网络设备，20-99人,Java，分布式技术，多线程，SQL
研发项目经理（java）,12-15K·13薪,3-5年，本科,武汉·江夏区·光谷,带薪年假，五险一金，节日福利，餐补，股票期权，员工旅游，通讯补贴，住房补贴，包吃，年终奖，定期体检，交通补助,江西子楚科技有限公司,计算机软件，天使轮，0-20人,下肢残疾，Java，团队管理经验，分布式技术，架构师
金融软件开发,6-10K,1-3年，本科,烟台·芝罘区·毓璜顶,五险一金，保底工资，餐补，绩效奖金，带薪年假，节日福利,有为量化,计算机软件，未融资，0-20人,Python，Java，R语言
软件开发部经理,16-24K,5-10年，本科,厦门·集美区·灌口,生日福利，年终奖，节假日加班费，全勤奖，节日福利，零食下午茶，五险一金，法定节假日三薪，带薪年假，加班补助，绩效奖金，包吃，团建聚餐，定期体检,安捷睿机器人,仪器仪表/工业自动化，未融资，20-99人,自动化开发经验，电子电气/自动化相关专业，计算机相关专业
嵌入式软件开发,25-35K·15薪,5-10年，本科,上海·松江区·九亭,五险一金，节日福利，员工旅游，年终奖，定期体检，餐补，交通补助，带薪年假,逸动医学,医疗设备/器械，B轮，100-499人,C++，ARM开发，嵌入式/单片机开发经验，fpga，can
软件测试工程师,15-20K·14薪,3-5年，本科,南京,定期体检，通讯补贴，带薪年假，免费班车，年终奖，加班补助，五险一金，餐补,苏宁体育,互联网，D轮及以上，500-999人,测试，测试工程师，软件测试，性能测试，接口测试
软件测试工程师,5-10K,3-5年，本科,广州·天河区·天河公园,五险一金，员工旅游，带薪年假，零食下午茶，节日福利，定期体检,华喜科技,互联网，不需要融资，20-99人,性能测试，接口测试，Postman，Jmeter，功能测试
软件测试工程师,20-35K,1-3年，本科,大连·沙河口区·星海湾,,沙河口区壹柒零文...,休闲/娱乐，0-20人,功能测试，软件测试，性能测试
软件测试工程师,8-13K·13薪,3-5年，本科,苏州·吴中区·独墅湖,五险一金,图灵,企业服务，不需要融资，20-99人,自动化测试，QTP，LoadRunner，QC
软件测试工程师,3-8K,1-3年，大专,石家庄·新华区·高柱,,藤工,电子/半导体/集成电路，0-20人,功能测试，性能测试，通信相关专业，测试工作经验
软件测试工程师,9-13K,1-3年，本科,深圳·南山区·科技园,英语培训，餐补，零食下午茶，定期体检，团建聚餐，生日福利，五险一金，交通补助，补充医疗保险，员工旅游，节假日加班费，通讯补贴，带薪年假，节日福利，年终奖,萨基姆通讯,通信/网络设备，不需要融资，1000-9999人,嵌入式测试，PON，网关，路由器
软件测试工程师,15-30K,3-5年，本科,东莞·大朗镇·松山湖,餐补，五险一金，定期体检，股票期权，零食下午茶，员工旅游，加班补助，补充医疗保险，年终奖，节日福利,华为,计算机软件，不需要融资，10000人以上,自动化测试
软件测试工程师,6-11K,1-3年，大专,保定·竞秀区·电谷,节日福利，年终奖，零食下午茶，带薪年假，五险一金，员工旅游，加班补助,中科服,互联网，不需要融资，100-499人,测试工程师，功能测试，性能测试，LoadRunner，网络安全
软件测试工程师,8-13K·13薪,3-5年，本科,上海·静安区·曹家渡,,易成才教育科技有...,培训机构，500-999人,Python，Postman，JMeter
软件测试工程师,8-13K,1-3年，本科,北京·朝阳区·花家地,节日福利，团建聚餐，零食下午茶，带薪年假，法定节假日三薪,多诺科技,互联网，未融资，20-99人,功能测试，计算机相关专业，英语，财务
软件测试工程师,6-10K,1-3年，本科,北京·海淀区·上地,年终奖，五险一金，加班补助，节日福利，员工旅游，餐补，定期体检，全勤奖，带薪年假,云端微服,计算机软件，未融资，100-499人,禅道，测试工程师，软件测试，SQL
软件测试工程师,5-10K·13薪,1年以内，本科,青岛·崂山区·崂山风景区,,速科,通信/网络设备，100-499人,测试工程师，软件测试，功能测试，性能测试，自动化测试
软件测试工程师,14-20K,3-5年，本科,北京,五险一金，定期体检，带薪年假，员工旅游，节日福利,国控天成,仪器仪表/工业自动化，不需要融资,性能测试，MySQL，功能测试，LoadRunner，测试工程师
软件测试工程师,15-30K·14薪,经验不限，本科,深圳·龙岗区·坂田,离职补偿，节日福利，股票期权，交通补助，定期体检，零食下午茶，补充医疗保险，年终奖，带薪年假，住房补贴，员工旅游，免费班车，加班补助，全勤奖，通讯补贴，餐补，五险一金,华为技术有限公司,计算机软件，不需要融资，10000人以上,功能测试，性能测试，自动化测试，Java，Python，MySQL
软件测试工程师,12-20K·14薪,1-3年，本科,杭州·滨江区·长河,员工旅游，零食下午茶，补充医疗保险，节日福利，高温补贴，定期体检，五险一金，通讯补贴，餐补，年终奖，生日福利，带薪年假,华睿科技,计算机软件，未融资，500-999人,软件测试，功能测试，性能测试
软件测试工程师,7-12K,1-3年，本科,福州,结婚礼金，年终奖，员工旅游，定期体检，生日福利，六险一金，餐补，节日福利,顶点软件,计算机软件，已上市，1000-9999人,软件测试，LoadRunner
软件测试工程师,6-10K,1-3年，大专,杭州·西湖区,五险一金,国科云景,计算机软件，不需要融资，20-99人,功能测试，软件测试，性能测试
软件测试工程师,4-8K,1年以内，本科,南京·玄武区·孝陵卫,,普迈生物,制药，0-20人,测试工程师，软件测试，性能测试，功能测试，系统测试
软件测试工程师,7-9K,3-5年，本科,哈尔滨·松北区·世茂大道,交通补助，年终奖，五险一金，餐补,思灵机器人,智能硬件，B轮，20-99人,功能测试，性能测试，自动化测试，Java，JMeter，MySQL
软件测试工程师,5-7K·13薪,1-3年，大专,珠海·香洲区·唐家湾,五险一金，节日福利，零食下午茶，法定节假日三薪，意外险，交通补助，带薪年假，年终奖，全勤奖，餐补,酷哟科技,互联网，未融资，20-99人,功能测试，Postman，JMeter，兼容测试
软件测试工程师,20-40K·16薪,1年以内，本科,杭州·滨江区·长河,五险一金，年终奖，员工旅游，餐补，补充医疗保险，定期体检，加班补助，带薪年假，通讯补贴，节日福利，全勤奖，交通补助，免费班车，零食下午茶，股票期权，离职补偿，住房补贴,华为技术有限公司,计算机软件，不需要融资，10000人以上,功能测试，性能测试，自动化测试，Java，Python，MySQL
软件测试工程师,11-18K·14薪,3-5年，本科,武汉·蔡甸区·沌口,带薪年假，股票期权，员工旅游，定期体检，通讯补贴，补充医疗保险，免费班车，节日福利，五险一金，交通补助，包吃，年终奖,法雷奥,汽车生产，已上市，10000人以上,功能测试，自动化测试，嵌入式测试，MySQL，嵌入式测试
软件测试工程师,8-12K·13薪,1-3年，本科,宁波,年终奖，定期体检，员工旅游，股票期权，五险一金，餐补，补充医疗保险，节日福利，带薪年假,浙江大仓信息科技,计算机软件，未融资，20-99人,软件测试，2年以上，本科，双休，五险一金
软件测试工程师,5-10K,1-3年，本科,广州·越秀区·五羊新城,节日福利，定期体检，年终奖，带薪年假，五险一金，员工旅游,港鑫科技,计算机软件，不需要融资，100-499人,SQL，系统测试，软件测试，Selenium，LoadRunner
软件测试工程师,6-8K,1-3年，大专,深圳·光明区·公明,,海拓华擎,医疗设备/器械，未融资，20-99人,Jira，计算机相关专业，自动化测试经验
软件测试工程师,4-7K,1-3年，大专,济南·历下区·文化东,,源蛋农牧科技,计算机软件，20-99人,软件测试，功能测试，接口测试
软件测试工程师,8-11K,1-3年，本科,珠海·香洲区·唐家湾,股票期权，五险一金，加班补助，年终奖，节日福利，带薪年假，补充医疗保险，定期体检,慧博云通,计算机软件，已上市，1000-9999人,功能测试，性能测试，自动化测试
软件测试工程师,5-6K,1-3年，大专,苏州·吴中区·苏苑,餐补，带薪年假，加班补助，五险一金,苏州泛云阅泽信息科技,计算机软件，未融资，20-99人,性能测试，功能测试，软件测试，测试开发
软件测试工程师,15-30K·15薪,3-5年，本科,成都·武侯区·新会展中心,五险一金，股票期权，带薪年假，定期体检，年终奖,爱旗,电子/半导体/集成电路，不需要融资,自动化测试，性能测试，黑盒测试
软件测试工程师,8-13K,3-5年，本科,杭州·西湖区·翠苑,五险一金，带薪年假，年终奖，餐补，股票期权，员工旅游，节日福利，定期体检，住房补贴，生日趴,新视窗,计算机软件，未融资，100-499人,功能测试，性能测试，自动化测试
软件测试工程师,13-20K,3-5年，本科,深圳·南山区·西丽,年终奖，员工旅游，加班补助，餐补，定期体检，五险一金，节日福利，带薪年假，股票期权,深圳麦科田,医疗设备/器械，不需要融资，1000-9999人,功能测试，性能测试，嵌入式测试
软件测试工程师,8-13K·13薪,1年以内，大专,上海·徐汇区·田林,补充医疗保险，加班补助，全勤奖，节日福利，工龄福利,斐德,通信/网络设备，B轮，100-499人,功能测试，性能测试
ADAS 软件测试工程师,11-22K,1-3年，本科,上海·嘉定区·嘉定镇,,大陆泰密克,企业服务，1000-9999人,软件测试
软件测试工程师,13-26K,1-3年，本科,北京,五险一金，餐补，零食下午茶，年终奖，员工旅游，补充医疗保险，加班补助，股票期权，定期体检，节日福利,华为,计算机软件，不需要融资，10000人以上,测试，软件测试，自动化测试，Python，Java
软件测试工程师,8-10K·14薪,在校/应届，本科,嘉兴·秀洲区·高照,生日福利，定期体检，意外险，团建聚餐，补充医疗保险，节假日加班费，保底工资，带薪年假，年终奖，零食下午茶，节日福利，五险一金,汉朔科技,新零售，D轮及以上，500-999人,功能测试
软件测试工程师（高级）上海,8-13K,3-5年，本科,上海·徐汇区·龙华,,猴软,计算机软件，未融资，20-99人,测试工程师，Android移动端，IOS
MCU软件测试工程师,10-15K·13薪,经验不限，本科,南京·雨花台区·铁心桥,包吃，五险一金，交通补助，员工旅游，股票期权，节日福利，住房补贴，零食下午茶，年终奖，餐补，带薪年假,欣威视通,智能硬件，已上市，100-499人,自动化测试，嵌入式测试
车载软件测试工程师,12-24K·13薪,3-5年，大专,上海·浦东新区·张江,,布鲸,计算机软件，100-499人,功能测试，性能测试，自动化测试，Python，计算机相关专业
研发软件测试工程师,9-10K,经验不限，本科,苏州·昆山市·玉山,定期体检，餐补，五险一金，带薪年假，包吃，员工旅游，加班补助，全勤奖，补充医疗保险，年终奖,仁宝集团,电子/半导体/集成电路，不需要融资,性能测试，功能测试，Windows
银行软件测试工程师,13-16K,3-5年，本科,北京·丰台区·菜户营,餐补，带薪年假，五险一金，双休，节日福利,天阳科技,计算机软件，已上市，1000-9999人,功能测试，信用卡，信贷，银行
高级软件测试工程师,17-30K,经验不限，本科,上海·浦东新区·金桥,加班补助，节假日加班费，零食下午茶，带薪年假，员工旅游，股票期权，节日福利，法定节假日三薪，定期体检，团建聚餐，生日福利，年终奖，绩效奖金，五险一金,上海华为技术有限公司,通信/网络设备，不需要融资，10000人以上,自动化测试，嵌入式测试，Python，通信相关专业
电源软件测试工程师,12-20K·13薪,3-5年，大专,上海·浦东新区·金桥,全勤奖，年终奖，带薪年假，定期体检，交通补助，餐补，免费班车，股票期权，加班补助，通讯补贴，五险一金，节日福利,新雷能,智能硬件，已上市，1000-9999人,自动化测试，Python，LabView，软件测试
高级软件测试工程师,20-35K·15薪,3-5年，本科,深圳·南山区·南油,年度体检，餐饮及下午茶，家属自选保险，家庭关爱假，弹性工作制，五险一金，节日礼品，补充医疗保险，免费健身设施，就近租房补贴,今日头条,移动互联网，未融资，10000人以上,软件测试，自动化测试，性能测试，功能测试，系统测试
高级软件测试工程师,10-11K,1-3年，本科,北京·延庆区·延庆城区,双休，节日福利，员工旅游，带薪年假，股票期权，年终奖，五险一金,东方金朔,智能硬件，未融资，20-99人,功能测试，性能测试，自动化测试，Python，MySQL，JMeter
中高级软件测试工程师,5-6K·13薪,3-5年，本科,苏州·虎丘区·高新区,零食下午茶，五险一金，年终奖，加班补助，交通补助，带薪年假,利博软件,计算机软件，0-20人,Java，C++，通信相关专业，自动化测试，性能测试
软件测试工程师(J11457),12-16K,3-5年，本科,南京·栖霞区·尧化,交通补助，免费班车，五险一金，定期体检，带薪年假，餐补，年终奖，补充医疗保险，节日福利,天加环境,机械设备/机电/重工，未融资，1000-9999人,功能测试，性能测试，自动化测试
软件测试工程师（影像效果/显示效果/音频）,15-30K,3-5年，本科,深圳·南山区·深圳湾,五险一金，零食下午茶，年终奖，定期体检，带薪年假，股票期权,OPPO,互联网，不需要融资，10000人以上,软件测试，手机测试
软件测试开发工程师（QA工程师）,13-26K,3-5年，本科,杭州·钱塘区·和达东东城,,电动屋,汽车生产，100-499人,Python
小米汽车-整车软件测试工程师（OTA方向）,20-35K·15薪,3-5年，本科,上海·浦东新区·金桥,五险一金，股票期权，餐补，年终奖，定期体检，带薪年假，节日福利，补充医疗保险，12%公积金,小米,互联网，已上市，10000人以上,性能测试，自动化测试
软件测试工程师（人社行业部）,6-8K,1-3年，本科,成都·锦江区·柳江,定期体检，节假日加班费，五险一金，团建聚餐，生日福利，年终奖，工龄奖，带薪年假，节日福利，加班补助，员工旅游,久远银海,计算机软件，已上市，1000-9999人,性能测试，系统测试，安全测试，SQL，Linux，Jmeter
测试工程师,5-10K,1-3年，大专,昆明·官渡区·春城路,年终奖，节日福利，全勤奖，带薪年假，加班补助，员工旅游,三桥科技,计算机软件，未融资，20-99人,性能测试，功能测试，web端测试，移动端测试，接口测试
测试工程师,10-12K,1-3年，本科,北京·海淀区·西三旗,五险一金，年终奖，餐补，通讯补贴，交通补助，节日福利,真如科技,互联网，未融资，20-99人,软件测试，性能测试，SQL，Linux，Android，web端测试
测试工程师,4-9K,1-3年，学历不限,保定,加班补助，带薪年假，五险一金,吉米物联,移动互联网，20-99人,测试工程师，功能测试，硬件，接口测试，软件测试
测试工程师,18-35K,经验不限，本科,南京·雨花台区·软件大道,夜班补助，团建聚餐，带薪年假，零食下午茶，五险一金，加班补助，补充医疗保险，节假日加班费，意外险，法定节假日三薪，免费班车，定期体检，交通补助，员工旅游，年终奖，保底工资，绩效奖金,华为云计算,计算机服务，不需要融资，10000人以上,MySQL，测试开发，自动化测试，接口测试，web端测试
测试工程师,12-18K·14薪,1-3年，本科,北京·昌平区·北七家,五险一金，年终奖，股票期权，员工旅游,北京晨雾科技有限...,计算机服务，A轮，0-20人,Python，服务端测试，web端测试，Shell，SQL
测试工程师,10-11K,1-3年，本科,北京·海淀区·上地,带薪年假，定期体检，通讯补贴，年终奖，补充医疗保险，五险一金，团建聚餐，生日福利，餐补，零食下午茶，有无线网，员工旅游，免费工装，股票期权，免费班车，节日福利，绩效奖金，住房补贴，交通补助，意外险,北醒,智能硬件，C轮，100-499人,软件测试，Python，C++，功能测试，测试开发，嵌入式测试
测试工程师,15-30K,1-3年，本科,北京·朝阳区·三元桥,带薪年假，节日福利，包吃，五险一金,今日要点,互联网，未融资，100-499人,软件测试，自动化测试，Shell，Linux，MySQL
测试工程师,20-40K·16薪,在校/应届，本科,深圳·南山区·科技园,餐饮及下午茶，五险一金，补充医疗保险，家属自选保险，节日礼品，免费健身设施，就近租房补贴，年度体检，家庭关爱假，弹性工作制,今日头条,移动互联网，未融资，10000人以上,移动端，测试工程师，软件测试，接口测试，功能测试
测试工程师,11-18K,3-5年，本科,上海·嘉定区·外冈,餐补，免费班车，带薪年假，年终奖，五险一金，定期体检，员工旅游，节日福利,威派格,智能硬件，已上市，1000-9999人,Python，Linux，自动化测试，接口测试，软件测试，性能测试
测试工程师,5-10K,1-3年，本科,武汉·洪山区·光谷,交通补助，带薪年假，通讯补贴，节日福利，年终奖，定期体检，股票期权，餐补，补充医疗保险，零食下午茶,珞安科技,计算机软件，C轮，100-499人,测试，测试工程师，软件测试，自动化测试，功能测试
测试工程师,7-10K,3-5年，本科,苏州·苏州工业园区·苏州中心商场,,吴中区城区百溪日用百,食品/饮料/烟酒，0-20人,测试工程师，软件测试，自动化测试，性能测试，功能测试
测试工程师,6-8K,3-5年，大专,武汉·洪山区·徐东大街,,佳凯智能,互联网，20-99人,软件测试，测试开发
测试工程师,10-15K·15薪,1-3年，本科,福州·闽侯县·新西客站,定期体检，年终奖，法定节假日三薪，股票期权，零食下午茶，团建聚餐，生日福利，高温补贴，带薪年假，节日福利，意外险，交通补助，通讯补贴，五险一金，补充医疗保险,锐捷网络,通信/网络设备，已上市，10000人以上,自动化测试，软件测试，功能测试，Python，Linux，Windows
测试工程师,6-9K·13薪,1-3年，大专,苏州·苏州工业园区·独墅湖,五险一金，年终奖，员工旅游，节日福利,苏州谷壳网络,计算机软件，未融资，20-99人,软件测试，自动化测试，功能测试，小程序测试
测试工程师,8-13K,1-3年，本科,北京·海淀区·知春路,定期体检，年终奖，带薪年假，员工旅游，股票期权，五险一金,中盛益华,计算机软件，未融资，100-499人,Windows，Linux，MySQL，系统测试，软件测试
测试工程师,10-15K·14薪,1年以内，本科,北京·顺义区·马坡,五险一金，带薪年假，补充医疗保险，年终奖，股票期权，定期体检，免费班车，交通补助,理想汽车,智能硬件，已上市，10000人以上,Python，MySQL，自动化测试，功能测试，性能测试
测试工程师,5-8K,1-3年，本科,佛山·顺德区·北滘,年终奖，节日福利，带薪年假，五险一金,锐特信息,互联网，未融资，500-999人,测试开发，软件测试
测试工程师,12-16K·15薪,3-5年，本科,武汉·洪山区·关山,零食下午茶，员工旅游，加班补助，五险一金，股票期权，住房补贴，年终奖，免费工装，节日福利，定期体检，带薪年假，生日福利,同为股份,通信/网络设备，已上市，1000-9999人,性能测试，软件测试，自动化测试
测试工程师,10-15K,5-10年，本科,长沙·岳麓区·洋湖垸,股票期权，零食下午茶，补充医疗保险，意外险，员工旅游，五险一金，年终奖，交通补助，餐补，节日福利，带薪年假,云畅科技,互联网，不需要融资，100-499人,自动化测试，安全测试，性能测试，功能测试，软件测试
测试工程师,12-20K·13薪,经验不限，本科,深圳·南山区·西丽,零食下午茶，通讯补贴，五险一金，聚餐，定期体检，交通补助，员工旅游，加班补助，带薪年假，餐补，节日福利，季度奖，交通方便,海士通信,通信/网络设备，不需要融资，0-20人,功能测试，性能测试，软件测试
测试工程师,18-35K·15薪,经验不限，本科,杭州·滨江区·长河,员工旅游，节日福利，零食下午茶，五险一金，补充医疗保险，定期体检，加班补助，餐补，年终奖，股票期权,华为,计算机软件，不需要融资，10000人以上,自动化测试，软件测试，测试开发，性能测试，系统测试
测试工程师,5-10K,1-3年，大专,南宁·良庆区·青山路,节日福利，带薪年假，加班补助，定期体检，通讯补贴，餐补，补充医疗保险，年终奖，零食下午茶，五险一金,H3C,信息安全，未融资，10000人以上,SQL，软件测试，银行测试，MySQL，银行，金融
测试工程师,20-30K,3-5年，本科,北京·海淀区·海淀北部新区,加班补助，补充医疗保险，员工旅游，年终奖，五险一金，股票期权，节日福利，餐补，定期体检，零食下午茶,华为,计算机软件，不需要融资，10000人以上,性能测试，自动化测试，软件测试
测试工程师,8-10K·13薪,3-5年，本科,宁波·鄞州区·南部商务区,餐补，五险一金，年终奖，定期体检，节日福利，带薪年假，补充医疗保险，加班补助，股票期权，员工旅游,领雁科技,计算机软件，不需要融资，1000-9999人,自动化测试，自动化测试经验，软件测试
测试工程师,12-23K·14薪,经验不限，本科,西安·雁塔区·高新软件园,股票期权，年终奖，员工旅游，定期体检，零食下午茶，餐补，五险一金，节日福利，加班补助，补充医疗保险,华为,计算机软件，不需要融资，10000人以上,自动化测试，性能测试，测试开发，Python，Java，Shell
测试工程师,12-20K·14薪,3-5年，本科,北京·西城区·西直门,五险一金，带薪年假，节日福利,哗啦啦,移动互联网，不需要融资，1000-9999人,软件测试，功能测试，接口测试，黑盒测试
测试工程师,6-8K,1-3年，本科,上海·徐汇区·上海南站,,欢趣网络,移动互联网，A轮，20-99人,软件测试，手机测试，测试
测试工程师,20-30K·16薪,3-5年，本科,北京·朝阳区·安贞,交通补助，员工旅游，带薪年假，年终奖，定期体检，补充医疗保险，餐补，通讯补贴，节日福利，五险一金，零食下午茶,快看漫画,文化/体育/娱乐，D轮及以上，500-999人,Linux，性能测试，接口测试，APP测试，Charles，软件测试
测试工程师,5-8K,1-3年，本科,武汉·江夏区·光谷东,五险一金，定期体检，年终奖，节日福利,湖北浮泽,互联网，未融资，100-499人,软件测试，安全测试，APP测试
测试工程师,11-20K,3-5年，本科,深圳·南山区·科技园,员工旅游，定期体检，零食下午茶，带薪年假，五险一金，节日福利，年终奖,智果云信息科技(...,智能硬件，天使轮，0-20人,软件测试，性能测试，接口测试，硬件测试，APP测试
BSP测试工程师,11-22K,经验不限，本科,无锡·新吴区·新安,补充医疗保险，节日福利，定期体检，餐补，股票期权，年终奖，员工旅游，带薪年假，交通补助，五险一金,华勤技术股份有限公司,智能硬件，B轮，10000人以上,软件测试，系统测试，黑盒测试，手机测试
测试工程师（中级）,7-10K·13薪,1-3年，大专,长沙·岳麓区·观沙岭,交通补助，补充医疗保险，全勤奖，员工旅游，带薪年假，股票期权，加班补助，年终奖，五险一金，餐补，通讯补贴，定期体检,长沙问白衣智能科...,电子商务，100-499人,软件测试，自动化测试，功能测试，接口测试，小程序测试
测试工程师,4-8K,1-3年，大专,南昌·红谷滩区·红角洲,全勤奖，通讯补贴，意外险，工龄奖，夜班补助，保底工资，交通补助，有无线网，餐补，加班补助，住房补贴，生日福利，年终奖,科链九维,电子商务，不需要融资，0-20人,功能测试，性能测试，压力测试，计算机相关专业
测试工程师,11-17K,3-5年，本科,北京·朝阳区·朝阳门,定期体检，交通补助，五险一金，节日福利，补充医疗保险，带薪年假，加班补助,独角蜂,计算机软件，100-499人,功能测试，性能测试，自动化测试，寿险行业
测试工程师,7-10K,3-5年，大专,佛山,生日福利，节日福利，员工旅游,韦奇伍德,家具/家电/家居，未融资，100-499人,功能测试，性能测试，测试工作经验
测试工程师,7-10K,3-5年，大专,无锡·新吴区·新安,生日福利，节日福利，带薪年假，加班补助，零食下午茶，员工旅游，法定节假日三薪，团建聚餐，保底工资，底薪加提成，五险一金，定期体检，有无线网，绩效奖金,恒为信息科技,互联网，天使轮，20-99人,功能测试，性能测试，自动化测试
测试工程师,15-30K·14薪,3-5年，本科,北京·大兴区·亦庄,餐补，住房补贴，带薪年假，节日福利，免费班车，年终奖，补充医疗保险，五险一金，全勤奖,京东乾石,互联网，已上市，10000人以上,Java，Python，SQL，Linux，MySQL，接口自动化测试
测试工程师,7-10K,在校/应届，大专,常州,年终奖，员工旅游，住房补贴，加班补助，五险一金，餐补，股票期权，带薪年假,绿能新能源,检测/认证，0-20人,性能测试
测试工程师,11-16K·15薪,1-3年，本科,南京·江宁区·胜太路,餐补，节日福利，交通补助，加班补助，零食下午茶，年终奖，全勤奖，五险一金，住房补贴，定期体检，股票期权，带薪年假，员工旅游,中安智能,计算机软件，A轮，100-499人,Linux，性能测试，功能测试，Python
测试工程师,9-12K,3-5年，本科,广州·天河区·岑村,交通补助，通讯补贴，定期体检，带薪年假，意外险，补充医疗保险，年终奖，五险一金，朝九晚六，股票期权，餐补,神州信息,计算机软件，已上市，10000人以上,自动化测试，性能测试，计算机相关专业，测试工作经验
测试工程师,12-15K·16薪,1-3年，本科,深圳·宝安区·石岩,定期体检，五险一金，补充医疗保险，加班补助，年终奖，员工旅游，股票期权，带薪年假，节日福利,创维光伏,新能源，未融资，100-499人,计算机相关专业
测试工程师,18-36K,经验不限，本科,深圳·南山区·科技园,包吃，员工旅游，通讯补贴，交通补助，年终奖，股票期权，餐补，五险一金，带薪年假，免费班车，定期体检，节日福利，零食下午茶，加班补助,顺丰科技,互联网，不需要融资，1000-9999人,自动化测试，性能测试，功能测试
测试工程师,12-20K,3-5年，本科,深圳·南山区·西丽,年终奖，股票期权，五险一金，全勤奖，员工旅游，带薪年假，定期体检，餐补，节日福利，零食下午茶,辰卓科技,通信/网络设备，A轮，20-99人,系统测试，示波器，万用表
测试工程师,5-10K,1-3年，本科,杭州·滨江区·浦沿,五险一金，绩效奖金，生日福利，带薪年假，员工旅游，节日福利，定期体检，零食下午茶,迦智科技,计算机软件，C轮，100-499人,功能测试，系统测试，机器人，Linux，人工智能，自动化测试
测试工程师,8-10K,经验不限，本科,珠海·香洲区·金鼎,,洁源电器,汽车零部件，100-499人,性能测试，测试工作经验，嵌入式测试
测试工程师,10-15K,3-5年，本科,苏州·昆山市·玉山,股票期权，住宿，年终奖，定期体检，免费班车，节日福利，餐补，五险一金，带薪年假,三一重机有限公司,机械设备/机电/重工，已上市，10000人以上,Java，SQL，测试开发
测试工程师,5-10K,经验不限，本科,石家庄·鹿泉区·上庄镇,包吃，免费班车，五险一金，带薪年假，住房补贴，餐补，节日福利,神玥软件,计算机软件，已上市，1000-9999人,功能测试，压力测试，性能测试，MySQL，JMeter
测试工程师,6-11K·15薪,1-3年，大专,洛阳·涧西区·武汉路,通讯补贴，节日福利，零食下午茶，带薪年假，股票期权，定期体检，年终奖，五险一金,视微,医疗设备/器械，C轮，100-499人,功能测试，性能测试，压力测试
测试工程师,10-15K·13薪,1-3年，大专,西安·雁塔区·高新软件园,,淼净,移动互联网，100-499人,系统测试
测试工程师,10-15K·16薪,1-3年，本科,北京·海淀区·西北旺,五险一金，定期体检，补充医疗保险，零食下午茶，节日福利，股票期权，带薪年假，年终奖，免费班车，通讯补贴，餐补，全勤奖，员工旅游,世纪高通,数据服务，不需要融资，100-499人,性能测试，Postman，Jmeter
测试工程师,12-20K,1-3年，大专,北京·东城区·工体,不扣考勤，带薪年假，图书补助，年终奖，餐补，股票期权，两餐，五险一金，零食下午茶，交通补助，节日福利,客知音,计算机软件，A轮，20-99人,测试工程师，自动化测试，Python，Shell，网络协议
测试工程师,3-6K,经验不限，大专,湛江,,天盈,贸易/进出口，0-20人,功能测试，性能测试，系统测试，测试开发
测试工程师,11-14K,5-10年，大专,深圳·福田区·车公庙,,上海瑞应人才科技,计算机软件，500-999人,功能测试，移动端，产险，平安
测试工程师,20-40K,3-5年，本科,杭州·西湖区·黄龙,五险一金,蚂蚁智信(杭州)信息,互联网，1000-9999人,测试工程师，接口测试，测试开发，白盒测试，Java，Shell
测试工程师,10-15K,1-3年，本科,北京·海淀区·中关村,团建聚餐，工龄奖，零食下午茶，底薪加提成，定期体检，餐补，五险一金，节日福利，生日福利，保底工资，免费工装，员工旅游,36氪集团,互联网，已上市，1000-9999人,功能测试，web测试，手机测试
测试工程师,10-15K·15薪,1-3年，本科,武汉·武昌区·司门口,带薪年假，补充医疗保险，五险一金，年终奖，生日福利，团建旅游，带薪病假，餐补，通讯补贴,上扬软件,计算机软件，C轮，100-499人,功能测试，性能测试，压力测试，JMeter，Selenium
测试工程师,14-24K,3-5年，本科,北京·通州区,五险一金，补充医疗保险，免费班车，餐补,京东科技集团,互联网，不需要融资，1000-9999人,功能测试，性能测试，自动化测试
测试工程师,6-8K,经验不限，本科,成都·双流区·华阳,加班补助，团建聚餐，股票期权，定期体检，绩效奖金,钦原科技,计算机软件，未融资，1000-9999人,手机测试，性能测试，压力测试，功能测试，计算机相关专业
测试工程师,11-16K,3-5年，大专,东莞·清溪镇·香芒东路,员工旅游，补充医疗保险，定期体检，带薪年假，全勤奖，年终奖，加班补助，五险一金，免费班车，餐补，交通补助,联滔电子,电子/半导体/集成电路，已上市,计算机相关专业，通信相关专业，测试工作经验
测试工程师,4-5K,经验不限，大专,佛山·顺德区·陈村,零食下午茶，五险一金，生日福利，宿舍有空调，通讯补贴，年终奖，团建聚餐，培训，带薪年假，餐补，加班补助，高温补贴，节日福利，包住，绩效奖金，底薪加提成，节假日加班费，员工旅游，包吃,沃特检验集团,其他行业，未融资，1000-9999人,功能测试，性能测试，安全测试，负载测试
测试工程师,15-20K,3-5年，学历不限,上海·徐汇区·漕河泾,节日福利，补充医疗保险，带薪年假，餐补，股票期权，通讯补贴，交通补助，五险一金，定期体检，零食下午茶，年终奖,奇安信集团,信息安全，已上市，1000-9999人,功能测试，自动化测试
测试工程师,8-12K,3-5年，大专,苏州·昆山市·锦溪,餐补，住房补贴，免费班车，年终奖，节日福利，员工旅游，全勤奖，带薪年假，补充医疗保险，定期体检，加班补助，五险一金，包吃,立讯科技,电子/半导体/集成电路，不需要融资,测试开发
测试工程师,10-15K·13薪,3-5年，本科,广州·海珠区·琶洲,节日福利，五险一金，带薪年假，零食下午茶，交通补助，餐补，年终奖，股票期权，定期体检，免费班车，补充医疗保险，员工旅游,阿里巴巴智能信息事业群,互联网，已上市，1000-9999人,Python，Java，自动化测试，接口测试，性能测试，B/S端
测试工程师,6-10K·13薪,1-3年，本科,秦皇岛·海港区·文化路,团建聚餐，节日福利，全勤奖，五险一金，绩效奖金,秦皇岛米泽科技,互联网，0-20人,功能测试，性能测试
测试工程师,4-5K,1年以内，大专,无锡·新吴区·新安,,今腾电子,日化，未融资，100-499人,autocad
测试工程师,16-28K·15薪,5-10年，本科,嘉兴,宿舍有空调，生日福利，餐补，高温补贴，五险一金，通讯补贴，加班补助，包住，工龄奖，包吃，绩效奖金，团建聚餐，定期体检，年终奖，免费工装，法定节假日三薪，有无线网，带薪年假，员工旅游，节日福利,海得新能源,互联网，未融资，100-499人,功能测试，性能测试，自动化测试，测试工作经验
测试工程师,8-10K·13薪,经验不限，本科,湖州·长兴县·人民南路,包住，有无线网，交通补助，加班补助，生日福利，通讯补贴，节日福利，带薪年假，宿舍有空调，免费班车，定期体检，餐补，住房补贴，年终奖，团建聚餐，全勤奖，五险一金，免费工装,天能帅福得,新能源，已上市，1000-9999人,性能测试，功能测试
支付类测试工程师,10-15K,3-5年，大专,上海·黄浦区·五里桥,节日福利，带薪年假，五险一金，员工旅游，定期体检，年终奖,龙诺,电子商务，未融资，20-99人,功能测试，软件测试，黑盒测试
测试工程师,5-8K·13薪,1-3年，大专,温州·龙湾区·状元,员工旅游，餐补，全勤奖，年终奖，加班补助，带薪年假，保底工资，绩效奖金，零食下午茶，交通补助，生日福利，节日福利,易天科技,计算机软件，未融资，20-99人,功能测试，性能测试，JMeter，Postman，Fiddler
汽车电子测试工程师,11-18K,3-5年，大专,保定·莲池区·农大西校区,,回城信息科技技术,计算机软件，100-499人,软件测试
测试工程师,5-8K,1-3年，大专,西安·雁塔区·科技路西口,,优能科技,计算机软件，20-99人,功能测试，压力测试，JMeter，Postman，测试工作经验
测试工程师,10-11K,1-3年，本科,天津·东丽区·钢管公司,,天津中汽研新能源...,检测/认证，100-499人,功能测试，性能测试，测试工作经验，自动化测试经验
tbox测试工程师,11-17K·13薪,3-5年，本科,上海·嘉定区·安亭,,埃维汽车,互联网，500-999人,tbox，IAM，ICB
测试工程师（实习）,3-5K,经验不限，本科,北京·海淀区·中关村,年终奖，带薪年假，加班补助，节日福利，员工旅游，餐补，五险一金，绩效奖金，交通补助，年度调薪,搜狐焦点,互联网，未融资，0-20人,测试
NPI测试工程师,8-13K,1-3年，大专,苏州·吴中区·临湖,五险一金，补充医疗保险，定期体检,诺达佳,计算机硬件，不需要融资，100-499人,功能测试，性能测试，自动化测试
测试工程师助理,10-11K,在校/应届，本科,呼和浩特·赛罕区·乌兰察布路,全勤奖，年终奖,湖南新中天防雷检...,检测/认证，不需要融资，0-20人,防雷检测
雷达测试工程师,12-18K,经验不限，本科,北京·海淀区·西北旺,全勤奖，绩效奖金，餐补，零食下午茶，免费工装，团建聚餐，股票期权，生日福利，交通补助，五险一金，节假日加班费,陕西智星空间科技...,船舶/航空/航天，A轮，20-99人,Windows，Linux，测试开发，自动化测试，通信测试
SMT测试工程师,9-13K·14薪,3-5年，本科,潍坊,五险一金，定期体检，年终奖，带薪年假，住房补贴，股票期权，节日福利，员工旅游，免费班车，餐补，全勤奖，加班补助,歌尔,智能硬件，已上市，10000人以上,硬件测试，SMT测试，贴片机富士NXT系列，松下NPM系列
TE测试工程师,10-11K,3-5年，本科,青岛·黄岛区·辛安,,鼎新电子,电子/半导体/集成电路，500-999人,自动化测试，性能测试，功能测试
测试工程师助理,7-9K,1年以内，大专,南昌·青山湖区·京东,交通补助，餐补，员工旅游，底薪加提成,南昌乃知文化传播,其他服务业，未融资，0-20人,Java，Python，Golang
测试工程师-汽车电子,11-17K·15薪,经验不限，本科,武汉·洪山区·光谷,高温补贴，交通补助，股票期权，补充医疗保险，带薪年假，通讯补贴，餐补，定期体检，年终奖，生日福利，免费班车，团建聚餐，五险一金，免息住房借款,海康威视,计算机软件，已上市，10000人以上,音视频，摄像头，汽车电子，软件测试，PC测试，硬件测试
资深测试工程师,25-45K·16薪,5-10年，本科,上海·杨浦区·东外滩,五险一金，定期体检，年终奖，绩效奖金，节日福利，加班补助，带薪年假，股票期权，交通补助，零食下午茶，生日福利，餐补,得物App,电子商务，B轮，1000-9999人,Java，Python，计算机相关专业
资深测试工程师,20-40K,5-10年，本科,上海·浦东新区·张江,,恒羽投资,食品/饮料/烟酒，100-499人,自动化测试，渗透测试，压力测试，Java，Python
TE测试工程师,9-14K,1-3年，本科,东莞·桥头镇·桥头广场,定期体检，员工旅游，节日福利，五险一金，生日福利，全勤奖，带薪年假，宿舍有空调，团建聚餐，交通补助，包吃，餐补，工龄奖，免费工装，有无线网,祐富百胜宝电器,家具/家电/家居，不需要融资，1000-9999人,功能测试，性能测试，自动化测试，测试工作经验
装备测试工程师,6-10K,3-5年，大专,南阳,员工旅游，底薪加提成，有无线网，年终奖，法定节假日三薪，补充医疗保险，股票期权，高温补贴，团建聚餐，节日福利，包住，带薪年假，宿舍有空调，餐补，保底工资，绩效奖金，节假日加班费，加班补助，定期体检，五险一金,牧原智能科技,智能硬件，未融资，1000-9999人,功能测试，自动化测试，渗透测试，测试工作经验
雷达测试工程师,10-15K,1年以内，本科,北京·海淀区·西北旺,餐补，零食下午茶，定期体检，股票期权，带薪年假，年终奖，交通补助，补充医疗保险，节日福利，住房补贴，五险一金,微度芯创,电子/半导体/集成电路，A轮，100-499人,Vision
测试工程师（c++）-汽车,15-30K·13薪,3-5年，本科,苏州·苏州工业园区·湖东,五险一金，节日福利，年终奖，股票期权，带薪年假，员工旅游，定期体检，调薪制度，通讯补贴,瀚川智能科技,智能硬件，已上市，1000-9999人,MySQL
测试工程师（性能测试）,8-13K,1-3年，本科,成都,团建聚餐，交通补助，定期体检，工龄奖，带薪年假，年终奖，生日福利，零食下午茶，五险一金，节日福利，补充医疗保险,天府市民云,数据服务，不需要融资，20-99人,功能测试，性能测试，压力测试，JMeter，MySQL
数据库一体机测试工程师,10-15K,3-5年，本科,武汉·江夏区·光谷东,五险一金，零食下午茶，带薪年假，餐补，补充医疗保险，交通补助，节日福利，通讯补贴,达梦数据库,计算机软件，D轮及以上，1000-9999人,自动化测试，计算机相关专业，测试工作经验，自动化测试经验
诊断测试工程师,12-17K,3-5年，本科,北京·朝阳区·798,带薪年假，免费班车，五险一金，年终奖，定期体检，员工旅游,凌咚北京,互联网，未融资，20-99人,测试工作经验，英语口语交流，以太网测试，车载诊断测试
fpga测试工程师,10-15K,经验不限，本科,北京·怀柔区·北房,,国家空间科学中心,学术/科研，1000-9999人,功能测试，性能测试，嵌入式测试，测试工作经验
ssd测试工程师,15-30K·15薪,3-5年，本科,成都·武侯区·孵化园,生日福利，五险一金，住房补贴，零食下午茶，股票期权，带薪年假，补充医疗保险，员工旅游，定期体检，夜班补助，节日福利，团建聚餐，年终奖,德明利,电子/半导体/集成电路，已上市，100-499人,自动化测试，Python，Shell
连接器测试工程师,8-12K·13薪,3-5年，大专,厦门·集美区·侨英,加班补助，五险一金，带薪年假，全勤奖，包吃，法定节假日三薪，夜班补助，节假日加班费，节日福利，团建聚餐，员工旅游，工龄奖，高温补贴，绩效奖金，年终奖,广泓,原材料及加工/模具，未融资，100-499人,功能测试，性能测试，连接器测试，实验室测试
系统集成测试工程师,8-13K·13薪,5-10年，本科,沈阳·和平区·长白,通讯补贴，餐补，节日福利，年终奖，零食下午茶，带薪年假，五险一金,佰为深,医疗设备/器械，A轮，20-99人,功能测试，嵌入式测试，自动化测试
FA测试工程师,11-13K·13薪,3-5年，本科,南京,五险一金，免费班车，住房补贴，餐补，加班补助,南京欣旺达,新能源，已上市，1000-9999人,FA失效分析
测试工程师（天津）,9-14K,经验不限，本科,天津·西青区·张家窝,五险一金，补充医疗保险，定期体检，节日福利,中电金信,计算机软件，B轮，10000人以上,功能测试，性能测试，自动化测试，Python，Postman
水平衡测试工程师,10-11K,3-5年，学历不限,保定·竞秀区·农大西校区,,秦皇岛禹都水利工...,电力/热力/燃气/水利，0-20人,自动化测试，压力测试，计算机相关专业，测试工作经验
轮胎测试工程师（室内测试，NVH测试）,6-9K·13薪,1年以内，硕士,济宁·兖州区·农高园,年终奖，节日福利，年终奖，餐补，定期体检，包住，工龄奖，五险一金,倍耐力轮胎有限公司,汽车生产，不需要融资，1000-9999人,性能测试，功能测试
电脑硬件测试工程师,6-11K,1-3年，大专,深圳·光明区·光明,加班补助，定期体检，年终奖，全勤奖，五险一金，带薪年假，节日福利，员工旅游，通讯补贴,OBOO鸥柏,计算机硬件，不需要融资，20-99人,功能测试，性能测试，硬件测试
AI算法测试工程师,20-30K·13薪,5-10年，本科,上海·浦东新区·张江,零食下午茶，五险一金，节日福利，年终奖，定期体检，补充医疗保险，员工旅游，包吃，带薪年假，股票期权,闪马智能,计算机软件，C轮，100-499人,计算机相关专业，测试工作经验，算法测试，算法模型，交通
测试工程师（中高级）,10-15K,3-5年，大专,上海·浦东新区·陆家嘴,五险一金，全勤奖，年终奖，带薪年假，餐补，节日福利，住房补贴，交通补助,恒创软件,计算机软件，20-99人,自动化测试，Python，测试工作经验，自动化测试经验
测试工程师-安卓/iOS,5-10K·13薪,1-3年，本科,成都·武侯区·环球中心,节日福利，五险一金，股票期权，零食下午茶，年终奖,火荼科技,移动互联网，不需要融资，20-99人,功能测试，性能测试，自动化测试，Java，Python，MySQL
高级分布式存储测试工程师,12-20K·14薪,3-5年，本科,长沙,生日福利，定期体检，五险一金，带薪年假，团建聚餐，餐补，节日福利，股票期权，免费班车，通讯补贴，补充医疗保险，员工旅游,同有科技,数据服务，已上市，100-499人,功能测试，性能测试，Python，Shell
资深测试工程师/经理,25-35K·14薪,5-10年，本科,上海·徐汇区·漕河泾,定期体检，带薪年假，员工旅游，五险一金，零食下午茶，节日福利，年终奖，餐补,艾科诺,医疗设备/器械，A轮，20-99人,功能测试，性能测试，自动化测试，pcr，医疗器械
CP/FT测试工程师,18-35K·15薪,5-10年，本科,合肥,五险一金，补充医疗保险，定期体检，交通补助，带薪年假，年终奖，餐补，节日福利,大唐存储,电子/半导体/集成电路，未融资，100-499人,自动化测试，硬件测试，Shell
智能驾驶测试工程师,7-9K·13薪,1-3年，本科,重庆·沙坪坝区·大石坝,五险一金，意外险，工龄奖，带薪年假，员工旅游，零食下午茶，通讯补贴，团建聚餐，年终奖，定期体检,泽尔测试,汽车零部件，未融资，100-499人,自动化测试经验，计算机相关专业，通信相关专业，智能驾驶
集成电路测试工程师,8-13K,1-3年，本科,南京·浦口区·沿江,,艾创微,互联网，A轮，20-99人,集成电路测试，测试工程师，集成电路芯片测试
自动驾驶测试工程师,15-20K,3-5年，硕士,上海·浦东新区·世纪公园,,坤浪科技,汽车生产，20-99人,自动化测试，Python，C++，测试工作经验，计算机相关专业
测试工程师（银行项目）,9-13K,3-5年，大专,成都·武侯区·新会展中心,补充医疗保险，节日福利，零食下午茶，员工旅游，股票期权，出差，定期体检，住房补贴，带薪年假，年终奖，五险一金，加班补助,捷科智诚,计算机软件，已上市，10000人以上,对公信贷，国结，银行测试
电器测试工程师（主管）,6-10K,1-3年，大专,金华,加班补助，餐补，全勤奖，五险一金，节日福利,浙江航佳工贸有限公司,家具/家电/家居，未融资，100-499人,功能测试，性能测试，自动化测试，测试工作经验
测试工程师+福利待遇好,4-8K,1-3年，大专,咸宁·咸安区·鱼水路,,香城到家,互联网，100-499人,移动端测试，PC测试
首件测试工程师,10-15K·15薪,1-3年，大专,长沙·岳麓区·青山镇,带薪年假，五险一金，股票期权，节日福利，定期体检，员工旅游，年终奖,进芯电子,电子/半导体/集成电路，C轮，100-499人,性能测试，功能测试，Pcb，MCU，Arm
轻工玩具物理测试工程师,5-8K,1年以内，大专,宁波·鄞州区·下应,加班补助，五险一金，带薪年假，年终奖,宁波恒实质量检测...,检测/认证，未融资，500-999人,功能测试
5G通信测试工程师,12-24K·13薪,3-5年，本科,广州·天河区·员村,定期体检，五险一金，年终奖，加班补助，零食下午茶，年底双薪，节日福利，带薪年假，员工旅游,世炬网络,通信/网络设备，C轮，100-499人,功能测试，性能测试，自动化测试
系统集成测试工程师,11-20K,1-3年，硕士,武汉·江夏区·光谷东,免费班车，住房补贴，定期体检，节日福利，员工旅游，带薪年假，股票期权，五险一金，补充医疗保险，餐补，年终奖,武汉联影,医疗设备/器械，不需要融资，1000-9999人,硬件测试，性能测试，系统测试，Android，iOS，功能测试
自动驾驶仿真资深测试工程师,15-20K·14薪,1-3年，本科,苏州,免费停车，定期体检，健身房，交通补助，年终奖，意外险，补充医疗保险，通讯补贴，带薪年假，生日福利，有无线网，绩效奖金，餐补，工龄奖，五险一金，高温补贴，篮球场，篮球场,清华汽研院,汽车零部件，不需要融资，100-499人,LabView，prescan，carsim，simulink
车载以太网测试工程师,7-10K,1-3年，本科,沈阳·浑南区·白塔,零食下午茶，通讯补贴，餐补，节日福利，五险一金，带薪年假，年终奖，股票期权,东信创智,汽车零部件，未融资，100-499人,功能测试，性能测试，自动化测试，Python，C++
嵌入式软件测试工程师,8-12K·13薪,1-3年，本科,北京·朝阳区·小营,五险一金，带薪年假，员工旅游，年终奖,云海商通,计算机软件，未融资，20-99人,嵌入式测试，Java，C++，计算机相关专业，通信相关专业
分析仪器测试工程师,4-6K,1-3年，大专,石家庄·裕华区·开发区,,优谱通用,仪器仪表/工业自动化，20-99人,功能测试，性能测试，系统测试
测试工程师/售后技术支持工程师,4-8K,1-3年，中专/中技,嘉兴,全勤奖，年终奖，节日福利,费莱,机械设备/机电/重工，100-499人,性能测试
嵌入式软件测试工程师,10-15K·15薪,3-5年，本科,合肥·蜀山区·高新区,绩效奖金，节日福利，员工旅游，交通补助，员工宿舍，包住，免费班车，节假日加班费，定期体检，加班补助，年终奖，通讯补贴，团建聚餐，五险一金，补充医疗保险，工龄奖，餐补，包吃，宿舍有空调，带薪年假,阳光电源股份有限公司,新能源，已上市，1000-9999人,通信相关专业，测试工作经验，嵌入式测试
无人驾驶测试工程师,6-9K,经验不限，本科,乌兰察布·四子王旗·文化路,意外险，法定节假日三薪，工龄奖，年终奖，全勤奖，定期体检，补充医疗保险，包住,鸿安达,计算机软件，未融资，20-99人,计算机相关专业，通信相关专业，无人驾驶，Linux，矿卡
测试工程师-营销系统-P6516R,15-20K·15薪,3-5年，本科,武汉·洪山区·花山,节日福利，住房补贴，入职补贴2k，免费班车，年终奖，五险一金，加班补助，包吃，零食下午茶，员工旅游，重大消息，带薪年假，股票期权，全勤奖，游泳池，交通补助，补充医疗保险，餐补，定期体检，通讯补贴,美的,其他行业，已上市，10000人以上,五险一金，管理规范，餐费贴补，岗位晋升
总部-测试工程师（电气专业应届生）,7-10K·14薪,经验不限，本科,厦门·集美区·侨英,年终奖，员工旅游，免费班车，带薪年假，补充医疗保险，定期体检，五险一金，加班补助，包吃,宏发股份,仪器仪表/工业自动化，未融资,功能测试，性能测试
调试工程师,5-10K,经验不限，大专,银川·金凤区·新城,包吃，节日福利，年终奖，加班补助，五险一金，餐补，定期体检,小牛自动化,新能源，1000-9999人,自动化测试，性能测试
软件测试工程师,7-12K,1-3年，大专,宿迁,绩效奖金，生日福利，节日福利，工龄奖，年终奖，定期体检，零食下午茶，五险一金，股票期权，带薪年假，员工旅游,江苏联康信息股份...,电子/半导体/集成电路，A轮，100-499人,C++
软件测试工程师,15-25K·15薪,5-10年，本科,宁波·鄞州区·梅墟,五险一金，定期体检，交通补助，年终奖，住房补贴，带薪年假，团建聚餐，意外险，员工旅游，节日福利，餐补，通讯补贴，生日福利，免费工装,均胜新能源研究院,汽车零部件，100-499人,掌握软件测试理论和流程，测试工作经验
软件测试工程师,10-15K,3-5年，本科,北京·海淀区·五道口,五险一金，定期体检，带薪年假，节日福利,正和恒基,工程施工，未融资，500-999人,自动化测试，性能测试，功能测试，黑盒测试
软件测试工程师,9-14K,1-3年，本科,北京·海淀区·人民大学,餐补，节日福利，补充医疗保险，生日福利，五险一金，定期体检，带薪年假，员工旅游，年终奖，意外险，零食下午茶,中科江南,计算机软件，已上市，1000-9999人,自动化测试，性能测试，Oracle，功能测试，接口测试，Linux
软件测试工程师,11-16K·14薪,3-5年，本科,杭州·滨江区·江南,股票期权，住房补贴，节日福利，带薪年假，员工旅游，定期体检，交通补助，餐补，补充医疗保险，五险一金，年终奖，通讯补贴,浙江大华,计算机软件，已上市，1000-9999人,Python，计算机相关专业，测试工作经验
软件测试工程师,8-12K·15薪,经验不限，本科,深圳·光明区·公明,员工旅游，补充医疗保险，加班补助，节日福利，年终奖，五险一金，全勤奖，带薪年假,科曼医疗,医疗健康，不需要融资，1000-9999人,功能测试，性能测试，计算机相关专业，测试工作经验
软件测试工程师,10-13K,3-5年，大专,保定·莲池区·长城学院,通讯补贴，定期体检，免费班车，节日福利，零食下午茶，补充医疗保险，交通补助，加班补助，带薪年假，生日福利，五险一金，团建活动,软通动力,计算机软件，已上市，10000人以上,Python，接口自动化测试，UI自动化测试，测试开发
软件测试工程师,20-30K·16薪,5-10年，本科,北京·大兴区·亦庄,零食下午茶，补充医疗保险，员工旅游，节日福利，年终奖，包吃，定期体检，五险一金，股票期权，免费班车，带薪年假，餐补，交通补助,京东集团,电子商务，已上市，10000人以上,接口测试，性能测试，自动化测试，功能测试，Linux，Shell
软件测试工程师,7-10K,在校/应届，硕士,菏泽,生日福利，加班补助，免费工装，员工旅游，五险一金，交通补助，包住，团建聚餐，宿舍有空调，包吃，节假日加班费，定期体检,精进电动,汽车零部件，未融资，500-999人,C语言，Simulink，Polyspace
软件测试工程师,13-17K,1-3年，本科,深圳·罗湖区·园岭,节日福利，零食下午茶，五险一金，带薪年假,博奥特,移动互联网，不需要融资，500-999人,MySQL，JMeter，Linux，Jmeter
软件测试工程师,4-6K,1-3年，本科,桂林,生日福利，节日福利，有无线网，五险一金，团建聚餐，带薪年假，绩效奖金，全勤奖，零食下午茶，定期体检，股票期权，加班补助，员工旅游，年终奖,金铱星科技,计算机软件，天使轮，0-20人,性能测试，测试开发，软件测试
软件测试工程师,4-8K,3-5年，本科,南宁·西乡塘区·高新区,,咪付(广西),互联网，A轮，20-99人,自动化测试，软件测试
软件测试工程师,9-14K,1-3年，大专,杭州·西湖区·黄龙,餐补，周末双休，带薪年假，定期体检，专属核酸检测，交通补助，领导nice，节日福利，零食下午茶，五险一金，加班补助，年终奖，员工旅游，扁平化管理，绩效奖金，偶尔加班,InShot影笑,移动互联网，不需要融资，100-499人,功能测试经验，掌握软件测试理论和流程，APP测试，测试用例
调试工程师,6-11K·13薪,1-3年，本科,成都·郫都区·高新西,交通补助，带薪年假，住房补贴，年终奖，餐补，通讯补贴，五险一金，全勤奖，节日福利，股票期权，定期体检,奇径科技,电子/半导体/集成电路，未融资，0-20人,功能测试，压力测试，性能测试，测试工作经验，AC/DC
软件测试,10-15K·15薪,3-5年，本科,杭州·滨江区·长河,带薪年假，餐补，补充医疗保险，交通补助，节假日礼品，加班补助，通讯补贴，定期体检，节日福利，免费班车，实习生提供住，员工旅游，年终奖，五险一金,聚光科技,仪器仪表/工业自动化，已上市,测试工程师，软件测试，系统测试，容器技术
软件测试,6-11K,经验不限，本科,南京·江宁区·禄口机场,,租房配,计算机服务，0-20人,Java，MySQL，REST Assured，计算机相关专业
软件测试,4-6K,经验不限，大专,大连·甘井子区·高新园区,,仁源计算机,计算机软件，20-99人,功能测试，性能测试，自动化测试
软件测试,5-6K,1-3年，大专,武汉·汉阳区·琴台,,湖北一颗麦穗信息技术,移动互联网，未融资，20-99人,软件测试，接口测试
软件测试,8-12K,3-5年，大专,杭州·余杭区·五常,五险一金，节日福利，定期体检，补充医疗保险，带薪年假,武汉佰钧成技术,计算机软件，不需要融资，1000-9999人,功能测试，性能测试，自动化测试，Python，Java，Shell
软件测试,6-10K,1-3年，本科,苏州·吴中区,,量子方舟,计算机软件，未融资，20-99人,软件测试
软件测试,15-25K,3-5年，本科,长沙·岳麓区·麓谷,年终奖，员工旅游，股票期权，餐补，定期体检，零食下午茶，补充医疗保险，加班补助，节日福利，五险一金,华为,计算机软件，不需要融资，10000人以上,功能测试，自动化测试
软件测试,10-15K·13薪,3-5年，本科,深圳·南山区·前海,加班补助，五险一金，带薪年假，补充医疗保险，节日福利，定期体检,亿达信息,计算机软件，不需要融资，1000-9999人,自动化测试，Selenium，JMeter，Postman
软件测试,10-14K,3-5年，本科,南京·玄武区·徐庄软件园,五险一金，加班补助，年终奖，带薪年假，餐补，节日福利，通讯补贴，交通补助,苏宁易购,电子商务，已上市，10000人以上,接口测试，功能测试，系统测试，接口自动化测试，软件测试
软件测试,12-18K·13薪,3-5年，本科,上海,零食下午茶，员工旅游，五险一金，加班补助，带薪年假，年终奖,驿氪EZR,移动互联网，B轮，100-499人,自动化测试，功能测试，性能测试，Python，Postman
软件测试,5-8K,3-5年，大专,济宁·泗水县·泗水县中心城区,五险一金，带薪年假,数聚医疗,医疗设备/器械，0-20人,功能测试，性能测试，压力测试，计算机相关专业
软件测试,4-5K,经验不限，大专,上海·浦东新区·张江,通讯补贴，五险一金，住房补贴，带薪年假，定期体检，年终奖，免费班车，餐补，零食下午茶，补充医疗保险，节日福利，员工旅游，交通补助,传音控股,通信/网络设备，已上市，10000人以上,功能测试，性能测试，自动化测试，JMeter，LoadRunner
软件测试,7-10K·13薪,1-3年，本科,福州·晋安区·茶园,,鑫晟隆,计算机硬件，100-499人,功能测试
软件测试实习生,150-200元/天,4天/周，本科,上海·浦东新区·张江,五险一金，定期体检，年终奖，带薪年假,上讯信息技术,计算机软件，未融资，500-999人,MySQL，Linux，Oracle
软件测试实习生,3-5K,经验不限，大专,上海·浦东新区·金桥,零食下午茶，带薪年假，节日福利，交通补助，年终奖，包吃，五险一金，定期体检，免费班车，全勤奖，住房补贴，股票期权，餐补，员工旅游，加班补助，通讯补贴,本安数字科技有限公司,仪器仪表/工业自动化，未融资，100-499人,软件测试
银行软件测试、测试开发（2024年校招）,5-6K,在校/应届，本科,济南·历城区·汉峪金谷,定期体检，加班补助，五险一金，补充医疗保险，带薪年假，节日福利,龙盈智达,互联网金融，不需要融资，1000-9999人,功能测试，自动化测试
软件测试开发工程师,15-30K·14薪,1-3年，本科,深圳·龙岗区·坂田,离职补偿，节日福利，五险一金，补充医疗保险，通讯补贴，年终奖，全勤奖，员工旅游，定期体检，带薪年假，股票期权，零食下午茶，免费班车，加班补助，住房补贴，餐补，交通补助,华为技术有限公司,计算机软件，不需要融资，10000人以上,云计算
软件测试工程师(L5838),11-20K·14薪,3-5年，本科,杭州·萧山区·北干,股票期权，通讯补贴，年终奖，交通补助，餐补，带薪年假，员工旅游，零食下午茶，五险一金，节日福利，定期体检,一知智能,互联网，B轮，100-499人,计算机相关专业，视频直播，外呼语音
高级软件测试工程师,20-25K·14薪,5-10年，本科,深圳·南山区·南头,五险一金，绩效奖金，零食下午茶，股票期权，带薪年假，年终奖，定期体检，员工旅游，节日福利,昂楷科技,信息安全，C轮，100-499人,Shell，SQL，Linux，Oracle，游戏测试
软件测试工程师（珠海）,6-11K,1-3年，大专,珠海·香洲区·唐家湾,交通补助，餐补，年终奖，五险一金，通讯补贴，定期体检，带薪年假，节日福利,赞同科技,计算机软件，C轮，1000-9999人,软件测试，自动化测试
（初级）软件测试自动化开发工程师,6-8K,1-3年，本科,广州·天河区·冼村,零食下午茶，定期体检，年终奖，加班补助，五险一金,云岫科技,互联网，未融资，20-99人,自动化测试，测试开发，软件测试
软件测试工程师（上海）-W21-001(J11878),18-35K·14薪,3-5年，本科,上海·嘉定区·华亭,定期体检，餐补，节日福利，五险一金，公租房，年终奖，股票期权，带薪年假，员工旅游，补充医疗保险，免费班车,上海联影,医疗设备/器械，B轮，1000-9999人,自动化测试，测试开发，Python，C/C++
测试工程师,10-15K,3-5年，本科,大连·甘井子区·高新园区,法定节假日三薪，节假日加班费，节日福利，通讯补贴，带薪年假，免费工装，定期体检，五险一金，餐补，股票期权，年终奖，团建聚餐，交通补助,智达科技,计算机软件，未融资，500-999人,Java，Oracle，MySQL，软件测试，Jmeter，LoadRunner
测试工程师,8-13K,3-5年，本科,上海,股票期权，节日福利，年终奖，五险一金，通讯补贴，餐补,北京九思金信,计算机软件，天使轮，20-99人,软件测试，测试工程师，银行测试，计算机软件，ERP
测试工程师,7-8K·14薪,1-3年，本科,武汉·洪山区·光谷,员工旅游，绩效奖金，年终奖，餐补，节日福利，零食下午茶，全勤奖，股票期权，五险一金，定期体检，补充医疗保险，通讯补贴，团建聚餐，带薪年假,康博嘉,计算机软件，D轮及以上，100-499人,Oracle，MySQL，软件测试
测试工程师,15-20K,3-5年，本科,上海·青浦区·青浦城区,五险一金，补充医疗保险，带薪年假，节日福利，零食下午茶，股票期权，员工旅游，年终奖，定期体检，免费班车，餐补,甄知科技,计算机软件，A轮，20-99人,SQL，软件测试，Postman，PC测试，服务端测试
测试工程师,8-13K,1-3年，本科,成都·双流区·广都,股票期权，定期体检，节日福利，零食下午茶，加班补助，带薪年假，五险一金,玖锦科技,通信/网络设备，B轮，100-499人,自动化测试，Python，C#
测试工程师,12-20K·14薪,3-5年，本科,广州·天河区·小新塘,,广州凯媒 casa,通信/网络设备，100-499人,通信，5G，LTE，3GPP
测试工程师,11-20K·14薪,3-5年，本科,南京·建邺区·西善桥,有无线网，生日福利，法定节假日三薪，团建聚餐，交通补助，意外险，节日福利,中盈优创,计算机软件，未融资，1000-9999人,Python，Shell，Linux，Oracle，自动化测试，性能测试
测试工程师,6-10K,1-3年，本科,合肥·蜀山区·高新区,餐补，节日福利，年终奖，五险一金，员工旅游，股票期权,安赛思(ASUNX),电子/半导体/集成电路，未融资，20-99人,示波器，信号发生器，可靠性测试，射频测试，PCB
测试工程师2,5-10K·13薪,经验不限，本科,湘潭·岳塘区·河东大道,五险一金，零食下午茶，年终奖，员工食堂，定期体检，免费班车，通讯补贴，带薪年假，节日福利，住房补贴，员工旅游，交通补助，股权激励,时变通讯,通信/网络设备，B轮，100-499人,自动化测试经验，软件测试
测试工程师,10-15K,3-5年，本科,上海,五险一金，带薪年假，定期体检，零食下午茶，年终奖，团建活动，股票期权，节日福利,慧拾智能,计算机服务，天使轮，20-99人,测试，自动化测试，测试工程师
测试工程师,13-18K·13薪,3-5年，本科,广州·天河区·珠江新城,五险一金，餐补，加班补助，股票期权，交通补助，员工旅游，年终奖，节日福利，带薪年假，全勤奖，定期体检，零食下午茶,双龙互娱,移动互联网，不需要融资，100-499人,自动化测试，接口测试，安全测试，移动端自动化测试，Linux
测试工程师,12-18K·13薪,3-5年，大专,无锡·新吴区·无锡硕放国际机场,,无锡深南电路有限公司,电子/半导体/集成电路，1000-9999人,ICT，FCT
测试工程师,3-5K,经验不限，中专/中技,深圳·宝安区·西乡,员工旅游，补充医疗保险，定期体检，全勤奖，五险一金，带薪年假，年终奖，股票期权,迈贝尔,互联网，未融资，0-20人,示波器，万用表，信号发生器，逻辑分析仪
潍坊初屹科技有限公司招聘手机维修,4-8K,经验不限，中专/中技,潍坊·潍城区·中百,,潍坊初屹科技有限公司,检测/认证，20-99人,保底工资，包吃
测试工程师,12-19K,1-3年，本科,上海·浦东新区·张江,节日福利，年终奖，五险一金，股票期权，免费班车，通讯补贴，定期体检，补充医疗保险，带薪年假,施耐德电气,其他行业，已上市，10000人以上,电池/电源类，智能硬件类，光电器件类，硬件测试经验
应用测试工程师,7-10K,在校/应届，本科,深圳·宝安区·石岩,带薪培训，节日福利，带薪年假，定期体检，全勤奖，通讯补贴，五险一金，员工旅游，加班补助，出差补贴，绩效奖，年终奖,劲鑫科技,仪器仪表/工业自动化，A轮，100-499人,自动化测试经验，继电器，模电/数电，通信相关专业
ATE测试工程师,20-30K·13薪,3-5年，本科,北京·海淀区·五道口,员工旅游，住房补贴，加班补助，包吃，全勤奖，交通补助，定期体检，五险一金，补充医疗保险，餐补，年终奖，股票期权，通讯补贴，零食下午茶，节日福利，带薪年假,升宇科技,电子/半导体/集成电路，不需要融资,电子半导体，ATE，集成电路，消费电子，硬件
RF测试工程师,4-7K·13薪,1-3年，大专,深圳·南山区·科技园,五险一金，年终奖，餐补，交通补助，补充医疗保险，带薪年假，定期体检，免费班车，加班补助，节日福利,必维国际检验集团,企业服务，已上市，1000-9999人,万用表，手机硬件测试，电磁兼容测试，射频测试
实施测试工程师,8-10K,经验不限，本科,北京·海淀区·东小口,公租房，通讯补贴，带薪年假，加班补助，五险一金，定期体检，员工旅游，节日福利，年终奖，餐补，股票期权，交通补助，免费班车,天元特通,计算机软件，不需要融资，100-499人,无线通信，传输线路设计，shell及python脚本，通信基础知识
测试工程师/主管,5-10K·13薪,1-3年，大专,苏州·昆山市·玉山,,四维检测,检测/认证，100-499人,材料及可靠性
台架测试工程师,12-20K,3-5年，本科,上海·嘉定区·嘉定镇,住房补贴，全勤奖，年终奖，节日福利，定期体检，餐补，交通补助，五险一金，加班补助，带薪年假,储融检测,检测/认证，不需要融资，100-499人,Labview
FPGA硬件编程测试工程师,15-30K,3-5年，本科,北京·丰台区·长辛店,交通补助，五险一金，年终奖，带薪年假，全勤奖,融通航维,仪器仪表/工业自动化，未融资，20-99人,单片机开发，Verilog，VHDL，嵌入式技术，嵌入式硬件开发
化学测试工程师,5-8K·13薪,1-3年，大专,珠海·香洲区·横琴,员工旅游，免费班车，定期体检，交通补助，通讯补贴，带薪年假，加班补助，年终奖，补充医疗保险，餐补，五险一金,Intertek天祥集团,企业服务，已上市，1000-9999人,六险一金，周末双休，八小时工作制，加班费，带薪年假
初级渗透测试工程师,10-15K,1-3年，本科,北京·海淀区·紫竹桥,五险一金，年终奖，带薪年假,航天中诺科技,信息安全，0-20人,安全测试，Java，PHP，SQL，Linux，外网渗透，信息安全
系统集成测试工程师,18-35K·15薪,5-10年，本科,广州·天河区·岑村,节日福利，带薪年假，定期体检，年终奖，补充医疗保险，股票期权，餐补，五险一金，包吃,小鹏汽车,汽车生产，已上市，10000人以上,电控，汽车相关专业，CANoe/CANalyser
光电模组测试工程师,12-20K·14薪,1-3年，本科,深圳,带薪年假，免费午餐，包住，加班补助，年终奖，全勤奖，五险一金，包吃，住房补贴，培训完善,杰普特光电,智能硬件，已上市，1000-9999人,影像测试，updown 测试，图像测试
高级软件开发测试工程师,16-22K·13薪,5-10年，本科,深圳·福田区·福田保税区,团建聚餐，定期体检，节日福利，意外险，免费班车，五险一金，年终奖，员工旅游，带薪年假，补充医疗保险，法定节假日三薪,奥兰若科技,电子/半导体/集成电路，已上市,C#，上位机，开发，测试，自动化
食品理化测试工程师,6-8K,1-3年，本科,广州·黄埔区·科学城,五险一金，员工旅游，年终奖，定期体检，带薪年假，免费班车，节日福利，加班补助，餐补，补充医疗保险,SGS,其他行业，已上市，10000人以上,食品检测，理化实验
助理测试工程师（硬件）,6-8K,1年以内，大专,深圳,节日福利，补充医疗保险，带薪年假，全勤奖，年终奖，交通补助，员工旅游，定期体检，零食下午茶，五险一金,屹联智能,智能硬件，未融资，20-99人,万用表，整机测试，功能性测试，示波器，电脑硬件测试
整车控制标定测试工程师,20-21K·16薪,3-5年，本科,广州,补充医疗保险，法定节假日三薪，五险一金，员工旅游，通讯补贴，免费班车，交通补助，住房补贴，绩效奖金，全勤奖，定期体检，免费工装，带薪年假，节日福利，年终奖，企业年金，餐补，生日福利,广州汽车集团股份...,汽车生产，不需要融资，1000-9999人,inca，动力性，三高标定
系统性能测试工程师,30-60K,3-5年，本科,东莞·长安镇·长安新区,通讯补贴，股票期权，住房补贴，五险一金，零食下午茶，节日福利，提供住宿，餐补，餐补，全勤奖，免费班车，交通补助，员工旅游，带薪年假，定期体检,vivo,移动互联网，不需要融资，10000人以上,功能测试，性能测试，Java，Python，C++，计算机相关专业
BMS软件测试工程师,15-20K·13薪,1-3年，本科,宁波·北仑区·小港,带薪年假，年终奖，通讯补贴，定期体检，餐补，五险一金，节日福利,维科集团,新能源，已上市，1000-9999人,白盒测试
嵌入式软件开发与测试工程师,8-13K,1-3年，本科,合肥·包河区·马鞍山路,五险一金，年终奖，餐补,安徽科力德能源环...,电力/热力/燃气/水利，不需要融资，0-20人,嵌入式技术，驱动开发，嵌入式软件开发，UCOS，软件测试
高级硬件测试工程师,15-24K,5-10年，大专,深圳·南山区·科技园,加班补助，定期体检，年终奖，五险一金，夜班补助，零食下午茶，带薪年假，股票期权，绩效奖金，交通补助，员工旅游，餐补，节日福利，节假日福利,有品科技,互联网，C轮，100-499人,智能硬件类，硬件测试经验
EDA工具测试工程师（长沙）,10-15K·13薪,1-3年，本科,长沙·开福区·伍家岭,五险一金，节日福利，年终奖，补充医疗保险，带薪年假，零食下午茶，定期体检，股票期权,泛联新安,计算机软件，B轮，100-499人,FPGA，verilog，vhdl
智能驾驶测试工程师,15-20K,5-10年，本科,上海·嘉定区·安亭,员工旅游，节日福利，通讯补贴，免费班车，团建聚餐，餐补，五险一金，带薪年假，定期体检，加班补助，交通补助，法定节假日三薪,诚迈科技,移动互联网，已上市，1000-9999人,NOA，功能开发测试，linux
硬件产品测试工程师,4-8K·14薪,在校/应届，大专,西安·碑林区·西工大,,星磐电子,电子/半导体/集成电路，不需要融资，0-20人,机器人/无人机类，计算机相关经验，硬件测试经验
中高级测试工程师-性能(J10204),11-18K·15薪,3-5年，本科,厦门·集美区·灌口,五险一金，员工旅游，带薪年假，节日福利，年终奖，零食下午茶,星纵信息,通信/网络设备，未融资，500-999人,性能测试经验
高级硬件测试工程师,12-24K,5-10年，本科,深圳·南山区·西丽,带薪年假，零食下午茶，五险一金，通讯补贴，节日福利，团建聚餐，员工旅游，补充医疗保险，股票期权，定期体检,深圳纳欣科技有限公司,互联网，B轮，100-499人,功耗测试，示波器，万用表，逻辑分析仪，信号发生器
高级硬件测试工程师,14-28K·16薪,1-3年，本科,苏州·吴中区·永旺梦乐城,五险一金，生日福利，零食下午茶，节日福利，法定节假日三薪，高温补贴，定期体检，节假日加班费，有无线网，股票期权，宿舍有空调，团建聚餐，免费班车，年终奖，带薪年假，住房补贴，通讯补贴，交通补助，员工旅游,汇川技术,仪器仪表/工业自动化，已上市,信号测试，电源测试，整机测试，主板测试
电子装配测试工程师,8-10K·13薪,经验不限，大专,上海·宝山区·吴淞,年终奖，餐补，带薪年假，住房补贴，五险一金，交通补助,北京华宇兴泰,计算机服务，不需要融资，100-499人,单片机开发，万用表，示波器
测试工程师（初级） (MJ000034),4-7K·14薪,1-3年，大专,杭州·滨江区·长河,五险一金，带薪年假，定期体检，年终奖，餐补，全勤奖，员工旅游，节日福利，股票期权，运动俱乐部,旗捷,电子/半导体/集成电路，已上市，100-499人,万用表，示波器，功能性测试，可靠性测试
软件调试工程师,8-10K·14薪,1-3年，大专,杭州·滨江区·长河,,杭州博海亿嘉,计算机服务，天使轮，0-20人,实施
软件测试专员,4-5K,经验不限，学历不限,上海·浦东新区·陆家嘴,,上海辽哲,互联网，20-99人,web测试，server端测试，android测试
调试工程师,4-5K,1-3年，大专,成都·郫都区·高新西,交通补助，全勤奖，年终奖，带薪年假，节日福利，五险一金,安能捷电气,电力/热力/燃气/水利，未融资，20-99人,电气设备调试
APP测试工程师,3-6K,1-3年，大专,漳州·芗城区·新浦路,,鲸奇生物科技有限公司,日化，0-20人,软件测试，网络协议，网络交换技术，流媒体技术
EMC测试工程师,4-5K,经验不限，大专,深圳·宝安区·福永,通讯补贴，五险一金，带薪年假，员工旅游，年终奖，餐补，节日福利，全勤奖,亿通检测,电子/半导体/集成电路，未融资，20-99人,测试工程师
手机测试工程师,3-8K,1-3年，本科,武汉·江汉区·常青,加班补助，五险一金，住房补贴，交通补助,建优欣网,通信/网络设备，未融资，20-99人,测试工程师，手机测试，通信测试
开发测试工程师,13-21K·14薪,3-5年，本科,武汉·江夏区·光谷,通讯补贴，年假递增，餐补，员工旅游，补充医疗保险，股票期权，加班补助，带薪年假，定期体检，五险一金，节日福利，年终奖,绿盟科技,信息安全，已上市，1000-9999人,软件测试，Linux，功能测试，黑盒测试，大数据测试，Python
高级测试工程师（管理经验优先）,14-18K·13薪,5-10年，本科,武汉·洪山区·光谷,有无线网，定期体检，交通补助，补充医疗保险，年终奖，员工旅游，餐补，五险一金，带薪年假，零食下午茶，通讯补贴，生日福利，节日福利，团建聚餐，工龄奖,51CTO,互联网，C轮，500-999人,自动化测试，性能测试，功能测试，接口测试，web端测试
自动化测试工程师,7-12K,1-3年，本科,无锡·滨湖区,零食下午茶，定期体检，餐补，年终奖，五险一金，带薪年假，交通补助，节日福利，员工旅游,鲲鲸云,互联网，A轮，20-99人,测试，测试工程师，自动化测试，测试开发
高级测试工程师,12-24K·14薪,1-3年，本科,武汉·洪山区·光谷,,北京灵汐科技有限公司,电子/半导体/集成电路，100-499人,Python，Linux，自动化测试，性能测试，系统测试
高级测试工程师,15-22K·16薪,3-5年，本科,杭州·滨江区·长河,餐补，住房补贴，定期体检，年终奖，五险一金，零食下午茶，加班补助，带薪年假，节日福利，免费班车，补充医疗保险,网易杭州,互联网，已上市，10000人以上,测试工程师，自动化测试
高级测试工程师,15-30K·13薪,3-5年，本科,北京·朝阳区·广渠门,带薪年假，餐补，节日福利，交通补助,可之科技,数据服务，A轮，100-499人,测试，测试工程师，自动化测试
产品测试工程师,20-30K·13薪,3-5年，本科,上海·浦东新区·张江,定期体检，员工旅游，年终奖，节日福利，带薪年假，五险一金，加班餐，零食下午茶，股票期权,物骐微电子,电子/半导体/集成电路，C轮，100-499人,测试，测试工程师，自动化测试，蓝牙，音频
高级测试工程师（上海）,30-60K·15薪,3-5年，本科,上海·徐汇区·田林,体育活动，股票期权，定期体检，住房补贴，五险一金，节日福利，员工旅游，补充医疗保险，交通补助，通讯补贴，带薪年假，餐补，零食下午茶，年终奖,NewsBreak,移动互联网，C轮，100-499人,android测试，ios测试，server端测试，web测试，测试工程师
研发测试工程师,15-25K,经验不限，学历不限,苏州·苏州工业园区·跨塘,交通补助，定期体检，年终奖，零食下午茶，免费班车，五险一金，节日福利，带薪年假,上海高仙,智能硬件，C轮，1000-9999人,测试，测试工程师，性能测试
产品测试工程师,15-25K·15薪,3-5年，本科,成都·武侯区·新会展中心,节日福利，高业绩回报，定期体检，年终奖，高成长性职位，补充医疗保险，五险一金，股票期权，带薪年假,四川华鲲,智能硬件，不需要融资，500-999人,Java，Python，Shell，Linux，自动化测试，性能测试
高级测试工程师（嵌入式）,15-20K,3-5年，本科,上海·浦东新区·张江,年终奖，餐补，五险一金，加班补助，带薪年假，员工旅游，股票期权，定期体检，零食下午茶，节日福利,魔视智能,智能硬件，C轮，100-499人,软件测试，功能测试，测试开发
